function,baseline,clean_ratio,noisy_ratio,paired_ratio_change
Ackley,representation,1.0060990684743738,1.0073376333568391,1.0012310565840632
Alemazkoor20D,representation,0.9905187221725821,0.9908354753423361,1.000319785141526
Alemazkoor2D,representation,0.5007536058478629,0.9888531834532458,1.9747300307083073
Borehole,representation,0.9678534163546635,0.5289331232973238,0.5465012721549353
Cheng2D,representation,0.6021494493069259,0.9968155022290756,1.6554287367968372
DampedOscillator,representation,0.944338379518074,0.9500126547056535,1.0060087308857184
Dette8D,representation,0.771579075205334,0.7784138114991075,1.0088581151477631
DetteCurved,representation,0.3182462525621031,0.9889750219100317,3.107577902168829
DetteExp,representation,0.8353932708264775,0.5812868480384418,0.6958241924349698
Flood,representation,0.8788417909729418,0.8225696641867123,0.9359701286804624
Franke1,representation,1.0331300539723813,1.0434806643597523,1.0100186906261925
Franke2,representation,0.4207496879584758,0.9907732449794238,2.3547807005794
Franke3,representation,1.1290063797842447,1.0612999098331357,0.9400300377717549
Franke4,representation,37.18450480580226,2.08151784447561,0.05597809774115401
Franke5,representation,20.125508980068417,1.212347577455146,0.06023934990443281
Franke6,representation,1.0000000228641586,0.9093967050146227,0.9093966842220327
Friedman10D,representation,0.853009197820114,1.0062763040127352,1.179678140147022
Friedman6D,representation,0.9757123451742125,0.9792527133720234,1.003628495852616
GenzCornerPeak,representation,1.2871058259263275,0.14650182439776466,0.11382267211192797
LimNonPoly,representation,0.9429586729971202,0.8414213111641188,0.8923204539704026
LimPoly,representation,0.45812147102005696,1.0871693791553037,2.37310287320654
LinkletterDecCoeffs,representation,1.0,2.0769812924858253,2.0769812924858253
LinkletterLinear,representation,1.0,2.2222380941705713,2.2222380941705713
LinkletterSine,representation,0.9910934429077423,0.966753255371495,0.9754410770140541
McLainS1,representation,1.0210075378161083,0.8617867965677529,0.844055273491005
McLainS2,representation,73.69644462281317,1.1536748320051375,0.015654416409228114
McLainS3,representation,19.809380951556037,1.537486150014906,0.07761404325429641
McLainS4,representation,124.93917191058945,1.0135312326171233,0.008112197456714688
McLainS5,representation,1.1333608544384417,1.1187158598603186,0.9870782597433371
OTLCircuit,representation,0.486492754686201,0.707394487195607,1.4540699329672293
Piston,representation,0.9678938324297908,1.07135569643238,1.1068938147305472
RobotArm,representation,0.9925506280897328,0.9921099619922298,0.9995560265793684
Rosenbrock,representation,0.8501865218382043,0.9683886464402094,1.1390308144928456
SolarCell,representation,0.8117039906816473,0.49151817010512744,0.6055386886694539
Sulfur,representation,1.0,0.7556700387891446,0.7556700387891446
UndampedOscillator,representation,0.9672660583304343,1.0194727259714866,1.0539734307757729
Webster2D,representation,1.0,1.1873853266948158,1.1873853266948158
Welch1992,representation,0.9749371426033058,0.9750523213349898,1.000118139648856
WingWeight,representation,0.9063269005032787,0.7600350399787904,0.8385881954477428
Ackley,representation_stack,0.996425559532696,0.9962531055162903,0.999826927345695
Alemazkoor20D,representation_stack,1.0000000000000144,1.0000000000000158,1.0000000000000013
Alemazkoor2D,representation_stack,1.136298405548337,1.0000000358000667,0.8800505491491053
Borehole,representation_stack,0.8424593157211028,0.8094870290931515,0.9608618647658628
Cheng2D,representation_stack,0.5977768961475542,0.9674852044137474,1.618472059808305
DampedOscillator,representation_stack,0.9959528895165921,0.9941037370384036,0.9981433333868974
Dette8D,representation_stack,1.015203520362492,1.0074220745651439,0.9923350878505921
DetteCurved,representation_stack,0.7918428016562081,0.9653357275300141,1.2191002122023846
DetteExp,representation_stack,0.9645374735364942,0.8256451214335048,0.8560010824735113
Flood,representation_stack,0.8926895718364991,0.9733719518240861,1.0903812282937304
Franke1,representation_stack,0.9018175220143764,0.8616222220162505,0.955428566182278
Franke2,representation_stack,0.8356887608034929,0.9449043900701488,1.1306893599498071
Franke3,representation_stack,0.6394623190346959,0.7737801105236221,1.2100480161077927
Franke4,representation_stack,37.18450480580226,2.2677421713986363,0.06098621410294481
Franke5,representation_stack,20.125508980068417,0.9874832936723841,0.04906625192189435
Franke6,representation_stack,1.0000000228641586,1.0027710833151475,1.002771060387631
Friedman10D,representation_stack,1.0607367661126395,1.123391472436675,1.0590671581542805
Friedman6D,representation_stack,1.0290124608175948,1.0078148095137938,0.9794000052371002
GenzCornerPeak,representation_stack,1.3123356546461686,2.1808932326419106e-05,1.6618410274236746e-05
LimNonPoly,representation_stack,0.7437800714398547,0.9448925209731205,1.2703923609353234
LimPoly,representation_stack,0.3236912290014204,0.961094894373568,2.9691718782078915
LinkletterDecCoeffs,representation_stack,1.0,1.1139095733102236,1.1139095733102236
LinkletterLinear,representation_stack,1.0,1.1438313041007233,1.1438313041007233
LinkletterSine,representation_stack,1.039144674543389,1.0386143206235827,0.9994896245606616
McLainS1,representation_stack,0.968328925426151,0.9534251987997694,0.9846088181040108
McLainS2,representation_stack,73.69644462281317,0.9784805393436184,0.013277174283665842
McLainS3,representation_stack,19.809380951556037,1.1893682513962265,0.060040657217145445
McLainS4,representation_stack,124.93917191058945,0.972032187696444,0.007780043463006636
McLainS5,representation_stack,1.0042648737200786,0.9770959634363249,0.9729464696070546
OTLCircuit,representation_stack,0.7957370672210742,0.9833357723764679,1.2357546391681091
Piston,representation_stack,0.9690063848041859,0.9925672836118847,1.024314492842542
RobotArm,representation_stack,1.001051934702233,1.0009671147888568,0.9999152692178738
Rosenbrock,representation_stack,0.8631219166250155,0.8192806651625298,0.9492061890469495
SolarCell,representation_stack,1.1967219492180687,0.8932168564520683,0.7463862905127553
Sulfur,representation_stack,1.0,0.9557356838617196,0.9557356838617196
UndampedOscillator,representation_stack,0.9844094683093022,1.015646040205435,1.0317312794134141
Webster2D,representation_stack,1.0,1.0156331024874183,1.0156331024874183
Welch1992,representation_stack,1.0022175138318525,1.0024776243715603,1.0002595350172172
WingWeight,representation_stack,0.8964368342774057,0.8488871509944097,0.9469570175333942
Ackley,raw,1.0060990684743738,1.0073376333568391,1.0012310565840632
Alemazkoor20D,raw,0.9905187221725821,0.9908354753423361,1.000319785141526
Alemazkoor2D,raw,0.8332376964508835,0.9888531834532458,1.1867600177778745
Borehole,raw,0.0236559417301777,0.11431059863793543,4.832215091742059
Cheng2D,raw,0.6021494493069259,0.9968155022290756,1.6554287367968372
DampedOscillator,raw,0.8437410643505229,0.8599535242231255,1.0192149707506324
Dette8D,raw,0.771579075205334,0.7784138114991075,1.0088581151477631
DetteCurved,raw,0.3182462525621031,0.9889750219100317,3.107577902168829
DetteExp,raw,0.8353932708264775,0.5812868480384418,0.6958241924349698
Flood,raw,0.21500495249761975,0.27492767757049863,1.278703929266663
Franke1,raw,1.0331300539723813,1.0434806643597523,1.0100186906261925
Franke2,raw,0.31609365470968703,0.9907732449794238,3.13442940159425
Franke3,raw,1.1290063797842447,1.0612999098331357,0.9400300377717549
Franke4,raw,0.6742505636233619,0.6299024111081055,0.9342260060163192
Franke5,raw,0.00028568844959230764,1.212347577455146,4243.600254701335
Franke6,raw,1.0000000228641586,0.9093967050146227,0.9093966842220327
Friedman10D,raw,0.90092625330176,1.0660174015675015,1.1832460178185584
Friedman6D,raw,1.0339943714405284,1.0430746892924914,1.008781786538463
GenzCornerPeak,raw,0.6473443963553142,0.4128578182404041,0.6377715178580071
LimNonPoly,raw,0.9429586729971202,0.8414213111641188,0.8923204539704026
LimPoly,raw,0.45812147102005696,1.0871693791553037,2.37310287320654
LinkletterDecCoeffs,raw,1.0,2.0769812924858253,2.0769812924858253
LinkletterLinear,raw,1.0,2.2222380941705713,2.2222380941705713
LinkletterSine,raw,0.9910934429077423,0.966753255371495,0.9754410770140541
McLainS1,raw,1.0210075378161083,0.8933677414964871,0.8749864309595233
McLainS2,raw,3.462766507431707e-06,1.1536748320051375,333165.6435769345
McLainS3,raw,0.0003758596983796007,1.537486150014906,4090.5852812719427
McLainS4,raw,3.1269424828827513e-06,1.0135312326171233,324128.51792615675
McLainS5,raw,1.1333608544384417,1.1187158598603186,0.9870782597433371
OTLCircuit,raw,0.21089944033285102,0.4466008626783465,2.117600985443588
Piston,raw,0.3298292683609416,0.33717218981320135,1.0222627951993155
RobotArm,raw,0.9925506280897328,0.9921099619922298,0.9995560265793684
Rosenbrock,raw,0.8501865218382043,0.9683886464402094,1.1390308144928456
SolarCell,raw,0.8549544960729931,0.39166430548216485,0.4581112881225504
Sulfur,raw,6.020387470012429e-08,0.004846715947480384,80505.05007562874
UndampedOscillator,raw,0.9672660583304343,1.0194727259714866,1.0539734307757729
Webster2D,raw,1.0,1.1873853266948158,1.1873853266948158
Welch1992,raw,0.9749371426033058,0.9750523213349898,1.000118139648856
WingWeight,raw,0.05494661641696512,0.08253632207633521,1.5021183734045467
Ackley,raw_stack,0.993340092556629,0.9923014207085541,0.9989543643150438
Alemazkoor20D,raw_stack,1.0000000000000144,1.0000000000000158,1.0000000000000013
Alemazkoor2D,raw_stack,0.8500665410475556,1.0000000358000667,1.176378539223229
Borehole,raw_stack,0.025857161656774867,0.13560145181432473,5.244251229670278
Cheng2D,raw_stack,0.5977768957438083,0.9674852044155385,1.6184720609044374
DampedOscillator,raw_stack,0.8474443185855604,0.8624415195640321,1.017696975069115
Dette8D,raw_stack,0.745279790520591,0.7546791377189421,1.0126118369475516
DetteCurved,raw_stack,0.7918428025253158,0.9670462674454658,1.2212604122452053
DetteExp,raw_stack,0.9655561870890339,0.8292021723995088,0.8587818953337079
Flood,raw_stack,0.21461508267872145,0.2828225783829255,1.3178131511209332
Franke1,raw_stack,0.9183314452706218,0.9190895080756892,1.0008254784358865
Franke2,raw_stack,0.3146578307712358,0.9916743286332194,3.151595897685418
Franke3,raw_stack,0.9690930751125232,1.0667766456819032,1.1007989563417713
Franke4,raw_stack,0.22560334294419776,0.6842686513292725,3.033060780036952
Franke5,raw_stack,0.00022605435525584587,0.9936098309336118,4395.4465279337555
Franke6,raw_stack,1.0000000228641586,1.002771083381841,1.0027710604543245
Friedman10D,raw_stack,1.069534764445876,1.1392116274119375,1.0651468893600304
Friedman6D,raw_stack,1.0887185864497366,1.1011061519782748,1.0113781152289625
GenzCornerPeak,raw_stack,0.6451191506028455,0.4244107548075904,0.6578796403904467
LimNonPoly,raw_stack,0.8135312060405887,0.9333940557351355,1.1473365112543286
LimPoly,raw_stack,0.40460557906828193,0.9750712090842809,2.4099302123555892
LinkletterDecCoeffs,raw_stack,1.0,1.1134049837899846,1.1134049837899846
LinkletterLinear,raw_stack,1.0,1.2335806776846512,1.2335806776846512
LinkletterSine,raw_stack,1.039144674543389,1.0386143206235827,0.9994896245606616
McLainS1,raw_stack,1.0210075378161083,1.0457921446703926,1.0242746560983258
McLainS2,raw_stack,2.9417818489262324e-06,0.9811201775830112,333512.21401448466
McLainS3,raw_stack,0.00030723824597943494,1.3163213661149873,4284.366882510764
McLainS4,raw_stack,2.9713080369796637e-06,0.9624601517319473,323917.9983204596
McLainS5,raw_stack,0.9744802589469698,0.9709200553726738,0.9963465616244056
OTLCircuit,raw_stack,0.22566366132820184,0.484885477258132,2.148708721662199
Piston,raw_stack,0.32780587982086606,0.34998286543370066,1.067652799958785
RobotArm,raw_stack,1.0018942650382134,1.0016276159880981,0.999733855098866
Rosenbrock,raw_stack,0.8631219166257106,0.8192806651625298,0.949206189046185
SolarCell,raw_stack,0.8757674197125865,0.5593646509282889,0.638713702220007
Sulfur,raw_stack,6.95208614009382e-08,0.004986414545586152,71725.44248018859
UndampedOscillator,raw_stack,0.9708730380389997,0.9933808330570265,1.0231830467385197
Webster2D,raw_stack,1.0,0.9587656729115609,0.9587656729115609
Welch1992,raw_stack,1.0022175138318525,1.0024776243715603,1.0002595350172172
WingWeight,raw_stack,0.056992155836763994,0.0925063487890683,1.623141771545254
Ackley,median_stack,1.0060990684743738,1.0073376333568391,1.0012310565840632
Alemazkoor20D,median_stack,0.9905187221725821,0.9908354753423361,1.000319785141526
Alemazkoor2D,median_stack,0.44071887724684294,0.9888531834532458,2.2437277695717976
Borehole,median_stack,0.9678534163546635,0.7301432465737085,0.7543944508908489
Cheng2D,median_stack,0.6021494493069259,0.9968155022290756,1.6554287367968372
DampedOscillator,median_stack,0.944338379518074,0.9551418218213726,1.0114402236927107
Dette8D,median_stack,0.771579075205334,0.7784138114991075,1.0088581151477631
DetteCurved,median_stack,0.3182462525621031,0.9889750219100317,3.107577902168829
DetteExp,median_stack,0.8632779719899621,0.5808564866570944,0.6728498878734837
Flood,median_stack,0.8788417909729418,0.8346239781506094,0.9496862651770576
Franke1,median_stack,1.0331300539723813,1.0434806643597523,1.0100186906261925
Franke2,median_stack,0.5556868943870737,0.9907732449794238,1.782970329131575
Franke3,median_stack,1.1290063797842447,1.0612999098331357,0.9400300377717549
Franke4,median_stack,37.18450480580226,1.9143678339713868,0.05148294548950588
Franke5,median_stack,20.125508980068417,1.212347577455146,0.06023934990443281
Franke6,median_stack,1.0000000228641586,0.9093967050146227,0.9093966842220327
Friedman10D,median_stack,0.8782200067917674,1.008978667336837,1.148890550811687
Friedman6D,median_stack,1.0014957959409314,0.948002716092543,0.9465868153763639
GenzCornerPeak,median_stack,0.9453870931021459,0.921938524291241,0.9751968595911735
LimNonPoly,median_stack,0.9429586729971202,0.8282994304384799,0.8784048062316401
LimPoly,median_stack,0.45812147102005696,1.0871693791553037,2.37310287320654
LinkletterDecCoeffs,median_stack,1.0,2.0769812924858253,2.0769812924858253
LinkletterLinear,median_stack,1.0,2.2222380941705713,2.2222380941705713
LinkletterSine,median_stack,0.9659235611206678,0.9676711930986737,1.0018092860018637
McLainS1,median_stack,1.0210075378161083,0.8933677414964871,0.8749864309595233
McLainS2,median_stack,73.69644462281317,1.1536748320051375,0.015654416409228114
McLainS3,median_stack,19.809380951556037,1.537486150014906,0.07761404325429641
McLainS4,median_stack,124.93917191058945,1.0135312326171233,0.008112197456714688
McLainS5,median_stack,1.1333608544384417,1.1187158598603186,0.9870782597433371
OTLCircuit,median_stack,0.6071030290931078,0.8160045403263997,1.344095649704383
Piston,median_stack,0.993490811056562,1.0336437252073838,1.0404159894625697
RobotArm,median_stack,0.9956529419818066,0.9931331939689719,0.9974692506730114
Rosenbrock,median_stack,0.8501865218382043,0.9683886464402094,1.1390308144928456
SolarCell,median_stack,0.8864045183890525,0.6000199175947929,0.6769143265258466
Sulfur,median_stack,1.0,0.7556700387891446,0.7556700387891446
UndampedOscillator,median_stack,0.9672660583304343,1.0194727259714866,1.0539734307757729
Webster2D,median_stack,1.0,1.1873853266948158,1.1873853266948158
Welch1992,median_stack,0.9916853872851021,0.9920809384153421,1.000398867559522
WingWeight,median_stack,0.9063269005032787,0.7600350399787904,0.8385881954477428
Ackley,adaptive_stack,1.0346812157692775,1.0323674324429197,0.9977637717868131
Alemazkoor20D,adaptive_stack,0.9998516818861405,0.9997916911009773,0.9999400003157969
Alemazkoor2D,adaptive_stack,0.445634486405148,0.9924776007663385,2.2271113009508623
Borehole,adaptive_stack,0.9127794808776146,0.8891164859563465,0.9740758908181013
Cheng2D,adaptive_stack,0.6003022977084387,0.9823085372834306,1.636356450796943
DampedOscillator,adaptive_stack,0.9870204005518016,1.0033141145408835,1.016507980969768
Dette8D,adaptive_stack,0.9955873920108222,0.9882506659391949,0.9926307563449461
DetteCurved,adaptive_stack,0.7361156569524797,0.9755262507609199,1.3252350246150184
DetteExp,adaptive_stack,0.8933650900849064,0.8013810124905187,0.8970364091732693
Flood,adaptive_stack,0.9140420566145394,0.9331603753762868,1.0209162353344643
Franke1,adaptive_stack,0.9084636352189477,0.8713687500747935,0.9591674518317798
Franke2,adaptive_stack,0.8378690368531857,0.9572713425472381,1.1425071227628794
Franke3,adaptive_stack,0.655531007297474,0.7813897170808617,1.1919950519232634
Franke4,adaptive_stack,37.18450480580226,2.2749636970661182,0.06118042203189792
Franke5,adaptive_stack,20.125508980068417,0.9383037979211698,0.04662261207159691
Franke6,adaptive_stack,1.0000000228641586,0.9915817199728905,0.9915816973012093
Friedman10D,adaptive_stack,0.9947150125632582,1.1196548386672103,1.1256036397621039
Friedman6D,adaptive_stack,1.0287921433855254,1.0072975495675496,0.9791069615410923
GenzCornerPeak,adaptive_stack,0.945384187701093,0.8778264483969955,0.9285393809384745
LimNonPoly,adaptive_stack,0.7601816007149169,0.9085635129294442,1.195192717207284
LimPoly,adaptive_stack,0.35563640524142187,0.9609908911493165,2.702172435065957
LinkletterDecCoeffs,adaptive_stack,1.0,1.1189392444087223,1.1189392444087223
LinkletterLinear,adaptive_stack,1.0,1.1494397053527736,1.1494397053527736
LinkletterSine,adaptive_stack,1.0348405875468725,1.0342450946671664,0.9994245559298001
McLainS1,adaptive_stack,1.0096506538781072,0.9926436592009201,0.983155565133482
McLainS2,adaptive_stack,73.69644462281317,1.1738583931288076,0.01592829069484626
McLainS3,adaptive_stack,19.809380951556037,1.1617755466386195,0.05864774621073463
McLainS4,adaptive_stack,124.93917191058945,0.9778337906330199,0.007826478883122337
McLainS5,adaptive_stack,0.9980353805489997,0.9706214821455045,0.9725321376999527
OTLCircuit,adaptive_stack,0.7449434777116383,0.9334338123780599,1.253026357443168
Piston,adaptive_stack,0.970493675321415,0.9947121175656715,1.0249547656621623
RobotArm,adaptive_stack,1.0014949074694626,1.0008728797993838,0.999378900815731
Rosenbrock,adaptive_stack,0.8584782224409356,0.7981830433443683,0.929765045262152
SolarCell,adaptive_stack,1.195694632807837,0.8319334927132386,0.6957742134876176
Sulfur,adaptive_stack,1.0,0.768562992330382,0.768562992330382
UndampedOscillator,adaptive_stack,1.0065436085523356,1.0069037776245024,1.0003578275884986
Webster2D,adaptive_stack,1.0,1.0977401237587323,1.0977401237587323
Welch1992,adaptive_stack,1.001907717903997,1.0020711429252804,1.000163113846079
WingWeight,adaptive_stack,0.9343259273187564,0.8770179674191695,0.9386638449988817
Ackley,support_nonlinear_leverage_stack,0.996425559532696,0.9962531055162903,0.999826927345695
Alemazkoor20D,support_nonlinear_leverage_stack,1.0000000000000144,1.0000000000000158,1.0000000000000013
Alemazkoor2D,support_nonlinear_leverage_stack,0.885691754004469,1.0000000358000667,1.1290610206979763
Borehole,support_nonlinear_leverage_stack,0.1656588814570708,0.46579995498958193,2.81180188404381
Cheng2D,support_nonlinear_leverage_stack,0.5977768961475542,0.9674852044137474,1.618472059808305
DampedOscillator,support_nonlinear_leverage_stack,0.9956925561385973,0.9931278359852646,0.9974241846667218
Dette8D,support_nonlinear_leverage_stack,1.0104924973593177,1.00421345086998,0.9937861522913367
DetteCurved,support_nonlinear_leverage_stack,0.7918428016562081,0.9653357275300141,1.2191002122023846
DetteExp,support_nonlinear_leverage_stack,0.9645374735364942,0.8254319578057516,0.8557800815963016
Flood,support_nonlinear_leverage_stack,0.8361844105474473,0.9261393280032804,1.1075778456536158
Franke1,support_nonlinear_leverage_stack,0.9044082222064069,0.8640958078547982,0.9554267493795424
Franke2,support_nonlinear_leverage_stack,0.8455518635800534,0.962560616301796,1.1383815207104262
Franke3,support_nonlinear_leverage_stack,0.6392969271775882,0.7752009505751679,1.2125835705132795
Franke4,support_nonlinear_leverage_stack,15.470221791014408,2.0487447569797514,0.1324315051623712
Franke5,support_nonlinear_leverage_stack,0.5204611263790477,0.9875240715826108,1.8974021719028538
Franke6,support_nonlinear_leverage_stack,1.0000000228641586,1.0027710833151475,1.002771060387631
Friedman10D,support_nonlinear_leverage_stack,1.119505143806189,1.1981713492164168,1.0702687306489471
Friedman6D,support_nonlinear_leverage_stack,1.0272621814128495,1.0066747861014207,0.9799589669668226
GenzCornerPeak,support_nonlinear_leverage_stack,1.4866751167562924,0.402717579843357,0.27088472478239084
LimNonPoly,support_nonlinear_leverage_stack,0.7362558311785576,0.934086296411266,1.2686979944403731
LimPoly,support_nonlinear_leverage_stack,0.3236912290014204,0.961094894373568,2.9691718782078915
LinkletterDecCoeffs,support_nonlinear_leverage_stack,1.0,1.113944651468068,1.113944651468068
LinkletterLinear,support_nonlinear_leverage_stack,1.0,1.1442474450587918,1.1442474450587918
LinkletterSine,support_nonlinear_leverage_stack,1.039144674543389,1.0386143206235827,0.9994896245606616
McLainS1,support_nonlinear_leverage_stack,0.968328925426151,0.9563617896601891,0.9876414558609873
McLainS2,support_nonlinear_leverage_stack,6.683788657773031,0.9781633998029495,0.14634864294599992
McLainS3,support_nonlinear_leverage_stack,0.6454869915699202,1.1893233554976024,1.8425210283556475
McLainS4,support_nonlinear_leverage_stack,0.3898919316662597,0.9720227371613768,2.4930568145057443
McLainS5,support_nonlinear_leverage_stack,1.0042311442117444,0.9770742831276799,0.9729575593820277
OTLCircuit,support_nonlinear_leverage_stack,0.7974914145490417,0.9800640208422309,1.2289336323406423
Piston,support_nonlinear_leverage_stack,0.9569076436109352,0.9775726617406143,1.0215956244760453
RobotArm,support_nonlinear_leverage_stack,1.001051934702233,1.0009671147888568,0.9999152692178738
Rosenbrock,support_nonlinear_leverage_stack,0.8631219166250155,0.8192806651625298,0.9492061890469495
SolarCell,support_nonlinear_leverage_stack,1.1693814334391097,0.8753619276854631,0.7485683478923164
Sulfur,support_nonlinear_leverage_stack,0.33298447455909685,0.6995837539050206,2.100950066309656
UndampedOscillator,support_nonlinear_leverage_stack,1.0222383301207023,1.013429616041682,0.9913829154909696
Webster2D,support_nonlinear_leverage_stack,1.0,1.0243569192351094,1.0243569192351094
Welch1992,support_nonlinear_leverage_stack,1.0022175138318525,1.0024776243715603,1.0002595350172172
WingWeight,support_nonlinear_leverage_stack,0.8113040911465669,0.8334059608061645,1.0272423988745851
Ackley,nested_winner,0.996425559532696,0.9962531055162903,0.999826927345695
Alemazkoor20D,nested_winner,0.987778430167749,0.9884248813980664,1.000654449632199
Alemazkoor2D,nested_winner,0.9233714853969872,0.989457065752675,1.0715698734483614
Borehole,nested_winner,0.8386514964556897,0.7250549184266016,0.8645485299803671
Cheng2D,nested_winner,0.5981607756124956,0.9519473169976042,1.5914572733774521
DampedOscillator,nested_winner,0.9789556409942486,0.9870853528013833,1.0083044741423401
Dette8D,nested_winner,1.0115614523506729,0.9372938020571662,0.9265811779196181
DetteCurved,nested_winner,0.6736237419828496,0.9858118383160894,1.4634458034603954
DetteExp,nested_winner,0.9645374735364179,0.8292021723995088,0.8596889132355734
Flood,nested_winner,0.8814504539675224,0.8282650274197678,0.9396614678586186
Franke1,nested_winner,1.0494234458395575,0.9792578239765367,0.9331388848408213
Franke2,nested_winner,0.7268785351642255,0.9458594345567858,1.301262024944904
Franke3,nested_winner,1.157266042521881,1.0612999098331357,0.9170751329749393
Franke4,nested_winner,37.18450480580226,2.1792006304326805,0.05860507331786865
Franke5,nested_winner,20.125508980068417,1.0590803637463468,0.0526237803374425
Franke6,nested_winner,1.0000000228641586,0.9093967050146227,0.9093966842220327
Friedman10D,nested_winner,0.8762240787598629,1.0195877643533964,1.1636153229165296
Friedman6D,nested_winner,1.1094046331806435,1.0713649833650614,0.9657116540909666
GenzCornerPeak,nested_winner,2.2414980154488635,0.22544618461799987,0.10057835566401511
LimNonPoly,nested_winner,0.7945750198604742,1.0035399300484789,1.2629895289493225
LimPoly,nested_winner,0.39818999814951417,0.9477005104923615,2.380020881731225
LinkletterDecCoeffs,nested_winner,1.0,2.0769812924858253,2.0769812924858253
LinkletterLinear,nested_winner,1.0,1.6771206280406927,1.6771206280406927
LinkletterSine,nested_winner,1.0068549749580116,1.0093336502741936,1.0024617997406085
McLainS1,nested_winner,1.0210075378161083,0.9119304272175532,0.8931671838271964
McLainS2,nested_winner,73.69644462281317,1.0767896528222587,0.014611147909962156
McLainS3,nested_winner,19.809380951556037,1.2754988126628055,0.06438862555988224
McLainS4,nested_winner,124.93917191058945,0.9771091041330332,0.007820678568546013
McLainS5,nested_winner,1.0327781271350398,0.9746182173052451,0.9436859589666832
OTLCircuit,nested_winner,0.6897273634027218,0.9195047013805427,1.3331422677566835
Piston,nested_winner,0.9960042549727891,1.058319388873418,1.0625651282005129
RobotArm,nested_winner,0.9993478499432028,0.997358505604343,0.998009357463497
Rosenbrock,nested_winner,0.884404098738929,0.9683886464402094,1.094961735049661
SolarCell,nested_winner,1.100941720998389,0.7217696096660906,0.655592930942388
Sulfur,nested_winner,1.0,0.7990506376991439,0.7990506376991439
UndampedOscillator,nested_winner,1.0325870667021273,0.990492486964177,0.9592338688955385
Webster2D,nested_winner,1.0,0.9895398828091403,0.9895398828091403
Welch1992,nested_winner,0.9995708089423493,1.0024776243715603,1.0029080635440792
WingWeight,nested_winner,0.8964368342774057,0.7745049876086549,0.8639816638424537
Ackley,noise_consistent,1.0060990684743738,1.0073376333568391,1.0012310565840632
Alemazkoor20D,noise_consistent,0.9905187221725821,0.9908354753423361,1.000319785141526
Alemazkoor2D,noise_consistent,3.9000278366564842,0.9888531834532458,0.2535502885797336
Borehole,noise_consistent,0.923502235295234,0.6337684179914389,0.686266252283439
Cheng2D,noise_consistent,0.6021494493069259,0.9968155022290756,1.6554287367968372
DampedOscillator,noise_consistent,0.9339007525876063,0.939600055662263,1.006102686028323
Dette8D,noise_consistent,0.771579075205334,0.7784138114991075,1.0088581151477631
DetteCurved,noise_consistent,0.3182462525621031,0.9889750219100317,3.107577902168829
DetteExp,noise_consistent,0.8353932708264775,0.5699946752808694,0.682306998615105
Flood,noise_consistent,0.8788417909729418,0.8225696641867123,0.9359701286804624
Franke1,noise_consistent,1.0331300539723813,1.0434806643597523,1.0100186906261925
Franke2,noise_consistent,3.6589090779868325,0.9907732449794238,0.27078378387160057
Franke3,noise_consistent,1.1290063797842447,1.0612999098331357,0.9400300377717549
Franke4,noise_consistent,37.18450480580226,3.9753941137588744,0.1069099651728737
Franke5,noise_consistent,20.125508980068417,1.212347577455146,0.06023934990443281
Franke6,noise_consistent,1.0000000228641586,0.9093967050146227,0.9093966842220327
Friedman10D,noise_consistent,0.8517457868395883,1.0060016671019951,1.1811055395234473
Friedman6D,noise_consistent,0.8142330084554047,0.8153680726408987,1.0013940287039544
GenzCornerPeak,noise_consistent,1.68184362677986,0.13116152379924556,0.07798675317417815
LimNonPoly,noise_consistent,0.9429586729971202,0.8414213111641188,0.8923204539704026
LimPoly,noise_consistent,0.45812147102005696,1.0871693791553037,2.37310287320654
LinkletterDecCoeffs,noise_consistent,1.0,2.121836140611746,2.121836140611746
LinkletterLinear,noise_consistent,1.0,2.25320451345786,2.25320451345786
LinkletterSine,noise_consistent,0.9910934429077423,0.966753255371495,0.9754410770140541
McLainS1,noise_consistent,1.0210075378161083,0.8617867965677529,0.844055273491005
McLainS2,noise_consistent,6.802007574074827,1.1536748320051375,0.16960798991201567
McLainS3,noise_consistent,19.809380951556037,1.537486150014906,0.07761404325429641
McLainS4,noise_consistent,8.886531437873982,1.0135312326171233,0.11405251190554512
McLainS5,noise_consistent,1.1333608544384417,1.1187158598603186,0.9870782597433371
OTLCircuit,noise_consistent,0.5045033935059373,0.7204630984087381,1.4280639291681183
Piston,noise_consistent,0.9799844065377731,1.0454077241130988,1.0667595495794289
RobotArm,noise_consistent,0.9925506280897328,0.9945846450943916,1.0020492828749437
Rosenbrock,noise_consistent,0.8501865218382043,0.9683886464402094,1.1390308144928456
SolarCell,noise_consistent,0.6350274266894491,0.7567382883532162,1.1916623700778959
Sulfur,noise_consistent,1.0,9.180914269187515,9.180914269187515
UndampedOscillator,noise_consistent,0.9672660583304343,0.9450575218558159,0.9770398885773457
Webster2D,noise_consistent,1.0,1.1873853266948158,1.1873853266948158
Welch1992,noise_consistent,0.9954622616816644,0.99563069350763,1.0001691996095172
WingWeight,noise_consistent,0.9053317091705596,0.6484283689422088,0.7162329148244253
