function,seed,noise,original_nmse,trend_nmse,ratio,original_exponential_polynomial_weight,trend_affine_weight,log_response_available
Ackley,930101,0.0,0.24514641642785978,0.24072911893289428,0.9819809827966,0,0.0,True
Ackley,930101,0.02,0.2437175037570967,0.2395224648663883,0.982787289275335,0,0.0,True
Ackley,930102,0.0,0.16368954183133355,0.1634546789989303,0.9985651934156841,0,0.1429070440835005,True
Ackley,930102,0.02,0.16658846297761778,0.1662232567785313,0.9978077341458182,0,0.14952102350956764,True
Ackley,930103,0.0,0.25663517410970954,0.2566351741097107,1.0000000000000047,0,0.0,True
Ackley,930103,0.02,0.25783878713127467,0.2578387871312738,0.9999999999999967,0,0.0,True
Ackley,930104,0.0,0.2140217599787122,0.21426487815014753,1.0011359507157565,0,0.4402897216187988,True
Ackley,930104,0.02,0.21450118203897986,0.21453720886719396,1.0001679563155392,0,0.06684814767368404,True
Ackley,930105,0.0,0.23045839505956736,0.230592018364293,1.000579815305453,0,0.21416454808518387,True
Ackley,930105,0.02,0.23147599936157895,0.23161947638097147,1.0006198354031874,0,0.2402740719585207,True
Alemazkoor20D,930101,0.0,0.8757636904992666,0.875763690499298,1.000000000000036,0,0.0,False
Alemazkoor20D,930101,0.02,0.8750215411789632,0.8750215411789924,1.0000000000000333,0,0.0,False
Alemazkoor20D,930102,0.0,1.0146394585803433,1.01463945858038,1.0000000000000362,0,0.0,False
Alemazkoor20D,930102,0.02,1.0174930582769826,1.017493058277027,1.0000000000000437,0,0.0,False
Alemazkoor20D,930103,0.0,0.9113201583754087,0.9113201583754087,1.0,0,0.0,False
Alemazkoor20D,930103,0.02,0.9107713259772143,0.9107713259772143,1.0,0,0.0,False
Alemazkoor20D,930104,0.0,0.9337208635316804,0.9337208635316805,1.0000000000000002,0,0,False
Alemazkoor20D,930104,0.02,0.9326514707546228,0.9326514707546227,0.9999999999999999,0,0,False
Alemazkoor20D,930105,0.0,1.0048565803116578,1.004856580311658,1.0000000000000002,0,0,False
Alemazkoor20D,930105,0.02,1.0027852917941837,1.0027852917941853,1.0000000000000016,0,0,False
Alemazkoor2D,930101,0.0,0.03349851156326134,0.04905939523824455,1.4645246295673988,0.0,0.28662074375387053,True
Alemazkoor2D,930101,0.02,0.09023757391007219,0.09023758081896827,1.0000000765634065,0,0.0,False
Alemazkoor2D,930102,0.0,0.09764680822014278,0.07170088071619524,0.7342880123080626,0.5702153909052693,0.07681277017041295,True
Alemazkoor2D,930102,0.02,0.08011714707967874,0.08011715351498522,1.0000000803237101,0,0.0,False
Alemazkoor2D,930103,0.0,0.0898372511730864,0.06059653382093387,0.6745145586009145,0.35677415101729143,0.0,True
Alemazkoor2D,930103,0.02,0.0507185564595335,0.05071855675513906,1.0000000058283511,0,0.0,False
Alemazkoor2D,930104,0.0,0.026313750429865484,0.0657685294473421,2.499397781499682,0.5433891058455081,0.4467430883823724,True
Alemazkoor2D,930104,0.02,0.06971029858561248,0.06971029933266815,1.0000000107165752,0,0.0,False
Alemazkoor2D,930105,0.0,0.0383859788121934,0.04010927203814424,1.0448938200685776,0.4592928887709911,0.0,True
Alemazkoor2D,930105,0.02,0.046962017339786895,0.0469620176012852,1.0000000055682934,0,0.0,False
Borehole,930101,0.0,0.00015591541648172442,9.118385320162513e-05,0.5848289749610052,0.8390192386130196,0.9441108295690928,True
Borehole,930101,0.02,0.000770665424679743,0.0005713025857006593,0.7413107781993326,0.6366943165440042,0.6374985988413329,True
Borehole,930102,0.0,8.946407579524123e-05,0.00010001889284041495,1.1179782717403879,0.9400494405742741,1.0,True
Borehole,930102,0.02,0.0006729824769462838,0.0003988446804270916,0.5926524004560768,0.3147389055222798,0.8931224899417086,True
Borehole,930103,0.0,0.00013652221083872723,0.00010514564999008856,0.7701724821486853,0.9401886447920211,1.0,True
Borehole,930103,0.02,0.0005935949590375793,0.0006139818675158944,1.0343448140317253,0.5087614994823567,0.9117066355607153,True
Borehole,930104,0.0,0.0001413124734506712,0.00010302243455025948,0.7290399214915881,0.9915490737046455,0.9564076727239382,True
Borehole,930104,0.02,0.000936819911742713,0.0007939693649288908,0.8475154669288727,0.4057640644942313,0.6173126068594131,True
Borehole,930105,0.0,0.00010842975461742078,0.00012534055332597723,1.1559608685662324,0.8881592404754184,0.959704561964783,True
Borehole,930105,0.02,0.0006989332918561124,0.0006307712087793661,0.9024769833244993,0.4308371287191115,0.9369751376281182,True
Cheng2D,930101,0.0,8.078164757537757e-07,5.079575593222162e-07,0.628803168254571,0,1.0,False
Cheng2D,930101,0.02,8.250799677096632e-05,7.890816841895792e-05,0.9563699460307948,0,0.9642009810592095,False
Cheng2D,930102,0.0,7.107422700877793e-07,3.72464437758297e-07,0.5240499312251345,0,1.0,False
Cheng2D,930102,0.02,0.00015983129469302113,0.0001583421235812421,0.9906828564791438,0,0.5496226470282329,False
Cheng2D,930103,0.0,7.083648204381736e-07,4.583062683607565e-07,0.6469918538264814,0,1.0,False
Cheng2D,930103,0.02,7.312482413734344e-05,7.365836948524968e-05,1.0072963641854937,0,1.0,False
Cheng2D,930104,0.0,1.16898126431096e-06,8.249592372112218e-07,0.7057078350160585,0,1.0,False
Cheng2D,930104,0.02,6.468742076248333e-05,5.804245416046929e-05,0.8972757527864231,0,1.0,False
Cheng2D,930105,0.0,1.7304766551518198e-06,8.779104773510097e-07,0.5073229244308921,0,1.0,False
Cheng2D,930105,0.02,9.940916137414726e-05,9.840208597072183e-05,0.989869390411261,0,0.9593683436577571,False
DampedOscillator,930101,0.0,0.21209505712702115,0.2015757634684969,0.9504029287574374,0.0,0.5226438364857371,True
DampedOscillator,930101,0.02,0.209697028117048,0.19880835518980622,0.9480742620674435,0.0,0.4250786828262083,True
DampedOscillator,930102,0.0,0.15197296897654833,0.15219238373969438,1.0014437749332903,0,0.15872546732463683,True
DampedOscillator,930102,0.02,0.14754032922114238,0.15171701724794356,1.028308788850138,0,0.02537372962203778,True
DampedOscillator,930103,0.0,0.13920177485136592,0.13345854638741925,0.9587417008865073,0.12644978008734317,0.13937483980852564,True
DampedOscillator,930103,0.02,0.15755007148969674,0.14153306298957688,0.8983370280402104,0.1932098583529191,0.07352335550013316,True
DampedOscillator,930104,0.0,0.22666595328387573,0.22025001033422184,0.9716942802538209,0,0.8338240292077368,True
DampedOscillator,930104,0.02,0.2287198672672123,0.22228618981811193,0.9718709287217977,0,0.8320600501867443,True
DampedOscillator,930105,0.0,0.14580195821190853,0.1611356871513982,1.1051681961445512,0,0.596538695450686,True
DampedOscillator,930105,0.02,0.14883028032200704,0.16976026128369667,1.1406298564808575,0,0.604234810993633,True
Dette8D,930101,0.0,0.007215241966345131,0.008787468330588452,1.2179034842596865,0.2012429595343168,0.0,True
Dette8D,930101,0.02,0.007775146737046925,0.0096642665888286,1.2429690288390858,0.28249375387496845,0.0,True
Dette8D,930102,0.0,0.01009860544472813,0.009825842177960793,0.972990006564745,0.09325541662462411,0.09758187480358153,True
Dette8D,930102,0.02,0.010436789358550632,0.010206374624755973,0.9779228337490697,0.06379672154614714,0.11630214808961634,True
Dette8D,930103,0.0,0.007992812990927516,0.006499328151205865,0.8131465303370817,0.2373658136873927,0.24729985701900456,True
Dette8D,930103,0.02,0.007739329143947574,0.00612913224373053,0.7919461919414196,0.21460621832296797,0.23625314692952093,True
Dette8D,930104,0.0,0.010815236962550384,0.009812372702950344,0.9072730201776782,0.006336029722306392,0.17881165099795063,True
Dette8D,930104,0.02,0.012898453453252263,0.012160266646118646,0.9427693552712324,0.018559771785240247,0.13402838661460809,True
Dette8D,930105,0.0,0.00999184132737116,0.012324889715609301,1.2334953400277786,0.2892597442340532,0.22172854063165595,True
Dette8D,930105,0.02,0.010750973143406764,0.01229246739296853,1.1433818342767526,0.25359903014214663,0.1874831251160544,True
DetteCurved,930101,0.0,5.79646850736435e-06,4.03074304471957e-06,0.695379098428389,0,0.3154245175035964,False
DetteCurved,930101,0.02,6.4574579915101e-05,5.976188915021084e-05,0.9254708157417723,0,0.001667932091220572,False
DetteCurved,930102,0.0,6.204577288485842e-06,5.156731541946188e-06,0.8311173029491962,0,0.25960991699339847,False
DetteCurved,930102,0.02,0.0001863245002095119,0.00018370310923157944,0.9859310451659073,0,0.04302935122317409,False
DetteCurved,930103,0.0,5.202229455951959e-06,4.019070219822275e-06,0.772566887687736,0,0.2665000094292211,False
DetteCurved,930103,0.02,0.00014742245790092364,0.00015156451855036473,1.0280965377217133,0,0.12529396974325854,False
DetteCurved,930104,0.0,5.735799604840829e-06,4.145511453598712e-06,0.7227434253630539,0,0.26493275852692866,False
DetteCurved,930104,0.02,0.00017582572910277227,0.0001699180412112797,0.9664003219458317,0,0.09008185975729245,False
DetteCurved,930105,0.0,5.085538738262562e-06,4.906001036807213e-06,0.9646964243720064,0,0.08046581315353671,False
DetteCurved,930105,0.02,0.00012899817046414786,0.00011928208395322922,0.9246804316994626,0,0.0,False
DetteExp,930101,0.0,0.0005434418162198595,0.0006520094220023907,1.199777791370048,0,0.5467745672460178,True
DetteExp,930101,0.02,0.0008654165519861936,0.0008814983889975805,1.018582770313877,0,0.8272555732949287,False
DetteExp,930102,0.0,0.0011189879610913305,0.0011071504733236252,0.989421255474312,0,0.1887294163924845,True
DetteExp,930102,0.02,0.0014289209812756221,0.0013491579247673128,0.9441795189842457,0,0.3223154604587541,False
DetteExp,930103,0.0,0.00035953315900365566,0.0003469485205519666,0.9649972801213561,0,0.08597138813044614,True
DetteExp,930103,0.02,0.0014096515602925954,0.0010969694363231724,0.7781848133417304,0,0.37022488066081144,False
DetteExp,930104,0.0,0.0007301397246280788,0.0006105733410853983,0.8362417774165266,0,0.19251473807129377,True
DetteExp,930104,0.02,0.0013865805639259625,0.0009101805645786837,0.6564209741997241,0,0.5331042366691947,True
DetteExp,930105,0.0,0.00042190280800644223,0.00036767824802802967,0.871476181363589,0,0.44151726478652165,True
DetteExp,930105,0.02,0.0012846896519398592,0.001003342525621604,0.7809999279643721,0,0.2864882515989042,False
Flood,930101,0.0,0.0008315202715705552,0.0008279914583008874,0.9957561909308564,0.0,0.27185821506589714,True
Flood,930101,0.02,0.0012052567935716464,0.0011979262302439092,0.9939178411050367,0.0,0.13848612354365836,True
Flood,930102,0.0,0.003112120316030523,0.0024243731613387597,0.7790101008790761,0.0,0.4955136997759359,True
Flood,930102,0.02,0.0024107750935969245,0.0021129668974154527,0.8764678642265475,0.0,0.8205882720424943,True
Flood,930103,0.0,0.0012101479269313578,0.0008834379762115224,0.7300247817237572,0.0,1.0,True
Flood,930103,0.02,0.0014615091291756126,0.0014674615471690128,1.004072788786997,0.0,0.8878402072214792,True
Flood,930104,0.0,0.0005916885140366403,0.0005819502382670725,0.9835415500917356,0,0.18958318524811194,True
Flood,930104,0.02,0.0009253339849579637,0.0009243596319674039,0.9989470256076204,0,0.12330905424671952,True
Flood,930105,0.0,0.0008865894223433826,0.0009023986442594039,1.017831502968122,0.0,0.048876130751431955,True
Flood,930105,0.02,0.0013749040145156698,0.0013749040119218987,0.9999999981134886,0.0,0.0,True
Franke1,930101,0.0,0.0046698077667918165,0.00368129865342805,0.7883190994727226,0,0.7508043422318937,False
Franke1,930101,0.02,0.005022125872346137,0.004002777678848445,0.7970285453993424,0,0.29666156254339465,False
Franke1,930102,0.0,0.004245487597875807,0.0037409557452749275,0.8811604460101783,0,1.0,False
Franke1,930102,0.02,0.004103694107129831,0.003797790239612674,0.9254564644607222,0,0.9306967168994486,False
Franke1,930103,0.0,0.0032158911986119314,0.0031346617382931753,0.9747412286977192,0,0.12411796944279152,False
Franke1,930103,0.02,0.00307521795323866,0.002812521690367085,0.9145763757671498,0,0.10418772992707848,False
Franke1,930104,0.0,0.0030953052706850282,0.0025287929274980404,0.8169769073983417,0,0.5753735157646758,False
Franke1,930104,0.02,0.003426117554080774,0.0026452262252793343,0.7720769014853741,0,0.6665720998810403,False
Franke1,930105,0.0,0.003279327457052877,0.003536079103773263,1.0782939947543781,0,0.9584872070360829,False
Franke1,930105,0.02,0.0047215062287284905,0.004304816220175663,0.9117463816912004,0,0.9316559568732777,False
Franke2,930101,0.0,0.005881448169842863,0.004914336507848757,0.835565725639992,0,0.7590400872854902,True
Franke2,930101,0.02,0.009980219784154289,0.00908830049413298,0.910631297775884,0,1.0,False
Franke2,930102,0.0,0.005581461789396383,0.005148989642258799,0.9225163293316478,0,0.2836149689144429,True
Franke2,930102,0.02,0.028389932122840113,0.024590219130743867,0.866159842311165,0,0.4636120918576114,False
Franke2,930103,0.0,0.004678227195890937,0.003914309208385004,0.8367078050042313,0,0.3426026443707598,True
Franke2,930103,0.02,0.009646563165660095,0.009306037033059922,0.9646997457278481,0,1.0,False
Franke2,930104,0.0,0.0063393098683779585,0.004690720526882239,0.7399418271507296,0,0.5772133679586892,True
Franke2,930104,0.02,0.022593704729274883,0.022229269073361885,0.983870035468739,0,0.3768811837644596,False
Franke2,930105,0.0,0.005938815659159825,0.005072202391765878,0.854076415714754,0,0.6668198217999267,True
Franke2,930105,0.02,0.016560801127501173,0.016662883589936554,1.0061641017031393,0,0.31967850494598343,False
Franke3,930101,0.0,0.00012765569220989364,4.333412094327965e-05,0.339460937409896,0,0.11653047893854981,True
Franke3,930101,0.02,0.00045774866533626775,0.00036908241785203294,0.8062992768769742,0,0.7410832517078911,True
Franke3,930102,0.0,0.00020380750507986974,0.00022783898873280365,1.1179126531356953,0,1.0,True
Franke3,930102,0.02,0.0003156979619281531,0.0003491846106892193,1.1060717926607553,0,1.0,True
Franke3,930103,0.0,0.0001362458944332066,4.521847789100851e-05,0.33188873748541814,0,0.646869256034124,True
Franke3,930103,0.02,0.00034905175360107826,0.00034433418287293957,0.9864846095758905,0,1.0,True
Franke3,930104,0.0,0.00014372704900800126,0.0001345036605408757,0.9358270518264652,0,1.0,True
Franke3,930104,0.02,0.00047418278102690333,0.0003390593742878438,0.7150394064364116,0,0.7191994956327465,True
Franke3,930105,0.0,0.00014801047090654058,0.0001342707590011476,0.9071706763633725,0,0.0905922827824949,True
Franke3,930105,0.02,0.0008289738975103884,0.0003655348502738827,0.4409485646914497,0,0.0,True
Franke4,930101,0.0,6.7715244839385e-13,4.279526493030879e-07,42.795264930308896,0.9999236247843676,0.0,True
Franke4,930101,0.02,3.8740664686447896e-05,0.00012619477755472042,3.257424171115612,1.0,0.0,True
Franke4,930102,0.0,5.262853572387944e-13,3.5477426221064216e-07,35.47742622106428,1.0,0.0,True
Franke4,930102,0.02,0.000157181186605519,0.00034229140481631685,2.1776868606761015,0.5408271903994787,1.0,True
Franke4,930103,0.0,5.156255825385417e-13,2.548319652064709e-07,25.483196520647127,0.9999028355955786,0.0,True
Franke4,930103,0.02,4.7233351833165954e-05,9.178377376262221e-05,1.9431984011385386,0.7751824469287788,0.0,True
Franke4,930104,0.0,6.406911994181152e-13,6.393730535909936e-07,63.93730535909942,0.9997290454814824,0.0,True
Franke4,930104,0.02,0.00010989075131007495,0.00022634824576838307,2.0597570138519146,0.48823220871869977,0.5551281833855588,True
Franke4,930105,0.0,6.072554276735732e-13,2.8737828858308775e-07,28.737828858308806,0.9999254778430654,0.0,True
Franke4,930105,0.02,8.245844388048783e-05,0.00017418094253427688,2.112348163963998,0.9087360303213462,0.0,True
Franke5,930101,0.0,2.1179846134020785e-12,1.8585542946125922e-07,18.58554294612596,0.9981115485994058,0.31787413429890465,True
Franke5,930101,0.02,0.0022611520949342265,0.002227272290231665,0.9850165741709882,0,0.08336310300468174,False
Franke5,930102,0.0,3.07976023457442e-12,1.352740239924639e-07,13.527402399246407,0.9980460314535283,0.033672291692141774,True
Franke5,930102,0.02,0.0038337731397393936,0.003833772716193824,0.9999998895225265,0,0.0,False
Franke5,930103,0.0,4.396331808960968e-12,2.559062389617772e-07,25.59062389617776,0.9994288979349735,0.0,True
Franke5,930103,0.02,0.0021436535670083176,0.0021436536917329965,1.0000000581832253,0,0.0,False
Franke5,930104,0.0,8.902257095032536e-09,1.9067230690142459e-07,19.067230690142505,0.9984872045852442,0.05666847743711921,True
Franke5,930104,0.02,0.0031107151515568964,0.0030741052700162023,0.9882310402087531,0,0.06630985693217939,False
Franke5,930105,0.0,6.032133607445827e-13,2.6913873449374053e-07,26.913873449374076,0.99802052511601,0.0,True
Franke5,930105,0.02,0.0022400991006541,0.002160797208006937,0.9645989355453038,0,0.053115313197832296,False
Franke6,930101,0.0,1.279254908904097e-05,1.2792545670621515e-05,0.9999997327804311,0,0.0,True
Franke6,930101,0.02,0.00015641150784565883,0.0001564114038306001,0.9999993349910108,0,0.0,True
Franke6,930102,0.0,2.7321237172459367e-05,2.7321240698507483e-05,1.0000001290588751,0,0.0,True
Franke6,930102,0.02,0.00020375868412376955,0.00020375885134280025,1.0000008206719209,0,0.0,True
Franke6,930103,0.0,2.3508630877069104e-05,2.350863221041253e-05,1.0000000567171872,0,0.0,True
Franke6,930103,0.02,0.00016953627120288827,0.00016967658756698287,1.0008276480489928,0,0.014625612579248552,True
Franke6,930104,0.0,9.877102874690875e-05,9.877103091109879e-05,1.0000000219111824,0,0.0,True
Franke6,930104,0.02,0.00021384128178361588,0.00021328740618343071,0.9974098752328573,0,0.0508547381656144,True
Franke6,930105,0.0,4.7416376236300986e-05,4.741638447978863e-05,1.0000001738531763,0,0.0,True
Franke6,930105,0.02,0.0001824603837687962,0.0001853295056632621,1.015724629287755,0,0.2676819495986201,True
Friedman10D,930101,0.0,0.3687775818059398,0.3051513530427974,0.8274672000083124,0.0,0.6397673375043188,True
Friedman10D,930101,0.02,0.3721949813767116,0.3068194710845566,0.824351445980444,0.0,0.6284068322678733,True
Friedman10D,930102,0.0,0.22805027861749866,0.25936150891368404,1.1372996800793331,0.40882241217036897,0.0,True
Friedman10D,930102,0.02,0.17235503281673217,0.20618831201259297,1.1962999202456492,0.45097150287748267,0.0,True
Friedman10D,930103,0.0,0.23355304885821876,0.30291937406529396,1.2970045800994228,0,0.3885045836717663,True
Friedman10D,930103,0.02,0.23480263155813855,0.30405535976416387,1.2949401705869636,0,0.37911954705255435,True
Friedman10D,930104,0.0,0.23932731085447945,0.2503700882188275,1.0461408993604684,0,0.2651372896758165,True
Friedman10D,930104,0.02,0.2436321533760767,0.34134067019501657,1.4010493502806034,0,0.5023439269521843,True
Friedman10D,930105,0.0,0.18729197201368017,0.1969699058671641,1.0516729774876683,0,0.0,True
Friedman10D,930105,0.02,0.1964723984041515,0.196472398404218,1.0000000000003384,0,0.0,True
Friedman6D,930101,0.0,0.06266929255661689,0.06466334567384197,1.0318186632699513,0,0.46825189885227747,True
Friedman6D,930101,0.02,0.07086027844135137,0.07809442886656495,1.102090347149864,0,0.4492830536953981,True
Friedman6D,930102,0.0,0.05331030440356018,0.054151601387017044,1.0157811326134667,0.0,0.6713286411675025,True
Friedman6D,930102,0.02,0.05486842328253534,0.05776496023783412,1.0527905994379239,0.0,0.7065266246608356,True
Friedman6D,930103,0.0,0.04674022364050194,0.04883448957270069,1.0448065021747992,0.26755548559666437,0.18343936451699708,True
Friedman6D,930103,0.02,0.05363548123999068,0.04820177205995402,0.8986918909942532,0,0.23528459938375104,True
Friedman6D,930104,0.0,0.06886935590634582,0.07077407618062552,1.0276570072307618,0.39666486406978135,0.28578295845852625,True
Friedman6D,930104,0.02,0.06782402374125489,0.0658561374871281,0.970985409806499,0.3800722440303603,0.22759466884349586,True
Friedman6D,930105,0.0,0.08066228594431815,0.08269630776478515,1.025216515954818,0.8331303422801603,0.04244054267678321,True
Friedman6D,930105,0.02,0.08257685471121283,0.084796766555414,1.026882978916606,0.8070952472560485,0.007535116451102684,True
GenzCornerPeak,930101,0.0,0.3099667174129452,0.537986154905785,1.735625551659041,0,0.6599550411818274,True
GenzCornerPeak,930101,0.02,0.27230695397137944,0.1876355995647827,0.6890591548554577,0.0,0.28580923169247013,True
GenzCornerPeak,930102,0.0,0.0063051714069235825,0.013671203080145147,2.1682524070849336,0.0,1.0,True
GenzCornerPeak,930102,0.02,23.514714891790447,0.037079587605293826,0.0015768674115729628,0.6388043173486788,1.0,True
GenzCornerPeak,930103,0.0,0.09622384353985573,0.05583596566471775,0.5802716209479889,0,0.2629874346260894,True
GenzCornerPeak,930103,0.02,0.05159136058019307,0.012699653030582406,0.24615852126718393,0,1.0,True
GenzCornerPeak,930104,0.0,0.011738178606055279,0.018082827235777234,1.5405138942466756,0.0,0.3811982148700894,True
GenzCornerPeak,930104,0.02,0.48313929010008244,0.00889486093131122,0.01841055180891755,0.0,0.9097908695005912,True
GenzCornerPeak,930105,0.0,0.05074329653002288,0.05871384145219075,1.1570758202012357,0.14400337279339534,0.8116343275474589,True
GenzCornerPeak,930105,0.02,8.42716845367668e+16,0.0844345775238973,1.0019329504094528e-18,0.3627237571859378,0.6617976067465565,True
LimNonPoly,930101,0.0,2.9038753994850488e-05,2.3702671983893976e-05,0.8162427350738678,0,0.5615280316388189,True
LimNonPoly,930101,0.02,0.0001324871824789064,0.00011865825648414791,0.8956206499677035,0,0.9046735294870616,True
LimNonPoly,930102,0.0,5.7722801640794775e-05,4.758265469878364e-05,0.8243303052905734,0,0.37578132622770827,True
LimNonPoly,930102,0.02,0.00042472030472263256,0.0003904353349487565,0.9192763581287544,0,0.8198504510026635,True
LimNonPoly,930103,0.0,3.411865966612648e-05,2.3307408299456103e-05,0.6831278991476922,0,1.0,True
LimNonPoly,930103,0.02,0.00035130395523375285,0.0003470423432532143,0.9878691602612244,0,0.39483163302782004,True
LimNonPoly,930104,0.0,1.0760525682921659e-05,6.586533797084873e-06,0.6121014893852771,0,1.0,True
LimNonPoly,930104,0.02,0.00011949855102021676,0.00016132915883201095,1.350051171789668,0,1.0,True
LimNonPoly,930105,0.0,3.611108843194583e-05,2.9215761745775345e-05,0.8090523718451391,0,0.8867783835654175,True
LimNonPoly,930105,0.02,0.0005514795369596318,0.000378287170310891,0.6859496045790388,0,0.7657064731675587,True
LimPoly,930101,0.0,2.4730881412849755e-06,1.0443344452670523e-06,0.422279508697346,0,1.0,True
LimPoly,930101,0.02,9.502177928522588e-05,8.722641573195333e-05,0.9179623491381558,0,0.7854746773105631,True
LimPoly,930102,0.0,6.092288592657865e-06,2.4605688104628518e-06,0.40388251033088096,0,1.0,True
LimPoly,930102,0.02,0.0002705353111616048,0.00030029403140163454,1.109999393839769,0,0.16177313413740366,True
LimPoly,930103,0.0,3.6340366268703513e-06,1.1609047043304893e-06,0.3194532206270755,0,1.0,True
LimPoly,930103,0.02,6.227828795759729e-05,5.370104789491543e-05,0.8622755964563152,0,0.7938533971881938,True
LimPoly,930104,0.0,7.903725655434439e-06,1.2989033055263261e-06,0.16434063657475592,0,1.0,True
LimPoly,930104,0.02,0.00010173945388130291,0.0001005690642850719,0.988496207207909,0,0.8970875850276158,True
LimPoly,930105,0.0,2.868440747366449e-06,1.1383957106270662e-06,0.3968691741923695,0,1.0,True
LimPoly,930105,0.02,0.00015389687097442736,0.00014530897117636212,0.9441970473883616,0,0.8738466802232163,True
LinkletterDecCoeffs,930101,0.0,3.8490022545133505e-13,1.5591702370694983e-31,1.0,0.0,1.0,True
LinkletterDecCoeffs,930101,0.02,7.201430026395459e-05,7.45770362998052e-05,1.0355864880510863,0.0,0.08249150281917979,True
LinkletterDecCoeffs,930102,0.0,4.4076198797859014e-13,2.9107367649093313e-31,1.0,0.0,0.9999999999999999,True
LinkletterDecCoeffs,930102,0.02,5.881595090921367e-05,9.039340541156619e-05,1.5368858959892435,0.0,0.6952081273539592,True
LinkletterDecCoeffs,930103,0.0,3.503365736408247e-13,1.979862767262882e-31,1.0,0.0,1.0,True
LinkletterDecCoeffs,930103,0.02,0.00040019392207983503,0.00040019393014193545,1.0000000201454846,0.0,0.0,True
LinkletterDecCoeffs,930104,0.0,3.6132530794304313e-13,1.7197554825018853e-31,1.0,0.0,1.0,True
LinkletterDecCoeffs,930104,0.02,8.473956701667922e-05,8.473956748037477e-05,1.0000000054720068,0.0,0.0,True
LinkletterDecCoeffs,930105,0.0,3.77609129333563e-13,1.7427517879402524e-31,1.0,0.0,1.0,True
LinkletterDecCoeffs,930105,0.02,0.0001819071631111917,0.0001960069503753316,1.0775108963439843,0.0018179794791128125,0.8313466695055908,True
LinkletterLinear,930101,0.0,2.9976910317493783e-13,2.2553265805755595e-31,1.0,3.827364723060803e-07,1.0,True
LinkletterLinear,930101,0.02,0.00012504267704859738,0.00012706747387038883,1.0161928460713021,0,0.17686356761738353,True
LinkletterLinear,930102,0.0,2.570536156654146e-13,2.1917629704729263e-31,1.0,0.0,1.0,True
LinkletterLinear,930102,0.02,0.00011616211041568855,0.00010725803276273791,0.9233478315684237,0.0,0.0,True
LinkletterLinear,930103,0.0,3.7629697408928777e-13,2.34700000800946e-31,1.0,0.0,1.0,True
LinkletterLinear,930103,0.02,0.00010300865007544172,8.114107929974602e-05,0.78771131589745,0.03727619865956456,0.8544221861822137,True
LinkletterLinear,930104,0.0,3.4246560302856575e-13,2.797128502814711e-31,1.0,0.0,1.0,True
LinkletterLinear,930104,0.02,2.7693625576701695e-05,7.33636885535423e-05,2.6491182366263497,0.0,0.8516198259792803,True
LinkletterLinear,930105,0.0,3.6754203103053524e-13,2.9035309504485683e-31,1.0,0.0,1.0,True
LinkletterLinear,930105,0.02,0.00010211014189619364,0.00010211014111298696,0.9999999923297853,0.0,0.0,True
LinkletterSine,930101,0.0,0.28828471488896634,0.308703579557745,1.0708288147591973,0,0.35620652903847755,False
LinkletterSine,930101,0.02,0.28525164066697845,0.30556674641056936,1.0712181907037936,0,0.3568135165912031,False
LinkletterSine,930102,0.0,0.29436777443988194,0.3168896296304248,1.0765092416566218,0,0.19861336067044028,False
LinkletterSine,930102,0.02,0.2934272258514571,0.3156550975139278,1.0757525877088285,0,0.19878737451313763,False
LinkletterSine,930103,0.0,0.3049812373800763,0.30254153572421383,0.9920004860731085,0,0.727068853076033,False
LinkletterSine,930103,0.02,0.3049974632884979,0.3031351912980907,0.9938941394124132,0,0.7348600408189998,False
LinkletterSine,930104,0.0,0.3263175800098338,0.3388455025938236,1.0383918101611695,0,0.0,False
LinkletterSine,930104,0.02,0.3286541938784794,0.3395120095976065,1.0330372042145362,0,0.0,False
LinkletterSine,930105,0.0,0.3033681833021125,0.30955595385549656,1.0203969001825808,0,0.0,False
LinkletterSine,930105,0.02,0.30432968327749754,0.3108632730990112,1.0214687892129015,0,0.0,False
McLainS1,930101,0.0,6.111297385153921e-05,6.111298944867945e-05,1.000000255218153,0,0.0,True
McLainS1,930101,0.02,0.0004745698760335095,0.0004745704735933208,1.000001259160856,0,0.0,True
McLainS1,930102,0.0,0.00019557121069801897,0.00016650188162261936,0.8513619209512118,0,1.0,True
McLainS1,930102,0.02,0.0004535747537711783,0.0003563843435444896,0.7857235011018274,0,1.0,True
McLainS1,930103,0.0,3.6859480645234795e-05,3.6859486915162684e-05,1.0000001701035333,0,0.0,True
McLainS1,930103,0.02,0.00017721369904606418,0.0001776888256471007,1.002681094089193,0,0.5757627274560586,True
McLainS1,930104,0.0,2.2893994533211667e-05,2.289399523530152e-05,1.0000000306669876,0,0.0,True
McLainS1,930104,0.02,0.00035932945296243555,0.00035932940822022333,0.9999998754841497,0,0.0,True
McLainS1,930105,0.0,3.154018632069929e-05,3.1540194005923895e-05,1.000000243664528,0,0.0,True
McLainS1,930105,0.02,0.00026573994051398405,0.0002657399821530731,1.0000001566911203,0,0.0,True
McLainS2,930101,0.0,1.5159468792107924e-11,4.510940830014496e-07,45.109408300145034,0.9958264255676867,0.40335404451185186,True
McLainS2,930101,0.02,0.25185035677062517,0.240011685872924,0.9529932335633604,0,1.0,False
McLainS2,930102,0.0,9.664472369125476e-11,1.1514210006039695e-06,115.14210006039707,0.9986065822136188,0.37968138199241075,True
McLainS2,930102,0.02,0.21696088352322154,0.2145587131063863,0.9889280944204021,0,0.3142887019492229,False
McLainS2,930103,0.0,1.648062213737795e-11,6.760013323429123e-07,67.60013323429133,0.9953139072916546,0.31133622547976025,True
McLainS2,930103,0.02,0.41066910955175107,0.3893204308206809,0.9480148902497866,0,0.0,False
McLainS2,930104,0.0,4.3163251873133215e-11,7.010526144694187e-07,70.10526144694205,0.9999037432069572,0.2641031977015925,True
McLainS2,930104,0.02,0.22706885024089654,0.22485348295895002,0.9902436319222285,0,1.0,False
McLainS2,930105,0.0,5.622940049108861e-11,8.831474929345436e-07,88.31474929345458,0.9999656568183385,0.0676311973515257,True
McLainS2,930105,0.02,0.19339158348006041,0.1960589999956138,1.0137928262830962,0,0.4293707637586385,False
McLainS3,930101,0.0,1.051663387802277e-12,2.1148845890099373e-07,21.14884589009942,0.9981733775518407,0.22524946894439415,True
McLainS3,930101,0.02,0.001694729984384862,0.0016483113645066006,0.9726100202947021,0,0.04013258990329862,False
McLainS3,930102,0.0,4.246141747793887e-12,2.8377444346133155e-07,28.377444346133228,1.0,0.1421484362752875,True
McLainS3,930102,0.02,0.002791111580820958,0.0027961898694785076,1.001819450247867,0,0.06588313948748953,False
McLainS3,930103,0.0,2.5166060398231293e-12,1.93981997726145e-07,19.39819977261453,0.9983249269649718,0.10601923999848605,True
McLainS3,930103,0.02,0.002821864241899695,0.010000733789571148,3.5440166259871537,0,0.07646260511771356,False
McLainS3,930104,0.0,3.371213429801918e-12,1.5774404096441112e-07,15.774404096441149,0.999785768782453,0.0,True
McLainS3,930104,0.02,0.004349165219133071,0.0034590943272326115,0.7953467281526088,0,0.20174098074447191,False
McLainS3,930105,0.0,3.876212473698073e-12,1.661040328507029e-07,16.610403285070323,0.9999518417513841,0.23738784340079216,True
McLainS3,930105,0.02,0.001967321325613672,0.0017048122543489286,0.866565228645169,0,0.9273891433814687,False
McLainS4,930101,0.0,9.922992007818456e-11,2.214591755155877e-06,221.45917551558813,0.9989781746542286,0.5066483076202319,True
McLainS4,930101,0.02,0.4224513748362401,0.4077087057077607,0.9651020922012756,0,0.0,False
McLainS4,930102,0.0,1.9821352463949557e-11,1.9820759017432364e-06,198.20759017432405,0.9988367554749902,0.3354628695702325,True
McLainS4,930102,0.02,0.468583611880186,0.45393521838182815,0.9687389974233599,0,0.0,False
McLainS4,930103,0.0,6.745056121154266e-11,3.6259797479806866e-07,36.25979747980693,0.9989331332769622,0.554423037869605,True
McLainS4,930103,0.02,0.42410931598516405,0.4159379375736462,0.980732848575758,0,0.0,False
McLainS4,930104,0.0,2.806799003523189e-11,5.259044795512908e-06,525.9044795512917,0.9989488361053007,0.30652995631495356,True
McLainS4,930104,0.02,0.41315032916599,0.40508392535912374,0.9804758625676286,0,0.0,False
McLainS4,930105,0.0,6.906859283727032e-11,3.6370302352486695e-07,36.370302352486725,0.997133910220245,0.757441303738503,True
McLainS4,930105,0.02,0.36209412483696196,0.3495079359288459,0.9652405602720476,0,0.0,False
McLainS5,930101,0.0,0.013722736940165042,0.013675046715830131,0.9965247293930612,0,0.3061769963643073,False
McLainS5,930101,0.02,0.01390069599986759,0.01386994059611503,0.9977874918095578,0,0.3060335343857638,False
McLainS5,930102,0.0,0.009824047070861897,0.009664188079122782,0.9837277864625409,0,1.0,False
McLainS5,930102,0.02,0.010490405913939549,0.010132975548104271,0.9659278803158298,0,0.999084163138333,False
McLainS5,930103,0.0,0.009910959211012312,0.009306852769648807,0.9390466221783796,0,0.32553205792178685,False
McLainS5,930103,0.02,0.009929542363023182,0.009148051730899645,0.9212964098895688,0,0.3035063039593995,False
McLainS5,930104,0.0,0.02119365159132447,0.023933318843226515,1.1292682971642087,0,0.6354768416467971,False
McLainS5,930104,0.02,0.02356781933419254,0.023837955137520114,1.0114620618690697,0,0.6851147363903889,False
McLainS5,930105,0.0,0.011395354662663854,0.011197521356622801,0.9826391269164058,0,0.502432854591157,False
McLainS5,930105,0.02,0.012240914126777646,0.01213858918024177,0.9916407430461391,0,0.16851772548929242,False
OTLCircuit,930101,0.0,0.0003480617239614915,0.00023959852372229914,0.68837940867295,0.51859892446634,0.6625103194068145,True
OTLCircuit,930101,0.02,0.0007537940058693635,0.0007086911053463419,0.9401654826493301,0.43736290782890114,0.755537609604045,True
OTLCircuit,930102,0.0,0.0003508489101029171,0.00028120190363110985,0.8014900304197123,0.20021060833303916,0.9027394459687299,True
OTLCircuit,930102,0.02,0.0006961881155691834,0.0006660161527955698,0.9566611924293681,0.34854466362030206,0.8037838080753682,True
OTLCircuit,930103,0.0,0.0003437168563432599,0.00024047517927265665,0.6996316149025331,0.6342513310817675,0.514614369507059,True
OTLCircuit,930103,0.02,0.0007556907857805979,0.0006943270529355152,0.9187978284243649,0.7828389207774489,0.6789011014397073,True
OTLCircuit,930104,0.0,0.0004371955806138087,0.0002798924415652817,0.6401996131166781,0.7268156119753075,0.9999999999999999,True
OTLCircuit,930104,0.02,0.0006893903385105524,0.0006677435531355966,0.9686001033583902,0.5263977357821339,0.6222128565258955,True
OTLCircuit,930105,0.0,0.0003008038093194765,0.000388347440794159,1.2910323232698968,0.4893262306397218,0.18273984231349039,True
OTLCircuit,930105,0.02,0.0006104696162033485,0.000701207117069817,1.1486355724479553,0.14557488782156605,0.508302655698907,True
Piston,930101,0.0,0.009356572267626099,0.009356572267614525,0.9999999999987628,0.0,0.0,True
Piston,930101,0.02,0.009411338402255526,0.009398522041413686,0.9986381999781487,0.24644112507640897,0.0,True
Piston,930102,0.0,0.011896895525742834,0.010802676471159303,0.9080248244413152,0.590565431500529,0.1839396417112346,True
Piston,930102,0.02,0.012196730059472609,0.011493598274207156,0.9423507955134781,0.5846109080779094,0.04055656371736558,True
Piston,930103,0.0,0.009672442004395146,0.008820605716101458,0.9119316210005068,0.4081038524477961,0.6160081432979484,True
Piston,930103,0.02,0.009004377326280696,0.009183551782107576,1.019898594798324,0.18738078804930816,0.7813386628988136,True
Piston,930104,0.0,0.011068971886010115,0.01133763464841116,1.0242716997719192,0.12868646077055976,0.49443432935167103,True
Piston,930104,0.02,0.015057412166937371,0.015445493806854105,1.0257734619743535,0.17526047202499054,0.6202628569808808,True
Piston,930105,0.0,0.01234075702949918,0.012430821338960974,1.0072981186848184,0.39340554162283736,0.5980215692808056,True
Piston,930105,0.02,0.011607637818432572,0.011358327866669292,0.9785219046576918,0.10822670897771199,0.45571101975580475,True
RobotArm,930101,0.0,0.72637969075429,0.7264279991766923,1.000066505744884,0.0,0.0,True
RobotArm,930101,0.02,0.7248696251725942,0.7248419276225949,0.9999617896114867,0.0,0.007999002345584087,True
RobotArm,930102,0.0,2.0837973346137497,2.0827577356755973,0.9995011036241943,0,0.0,True
RobotArm,930102,0.02,2.0895944119668814,2.0885083842890446,0.9994802686724192,0,0.0,True
RobotArm,930103,0.0,2.116263913764681,2.1162639137638917,0.9999999999996271,0.0,0.0,True
RobotArm,930103,0.02,2.107291287725773,2.1072912877240375,0.9999999999991764,0.0,0.0,True
RobotArm,930104,0.0,4.085568338684645,4.0855683386808765,0.9999999999990776,0.0,0.0,True
RobotArm,930104,0.02,4.110565536753345,4.110565536750661,0.999999999999347,0.0,0.0,True
RobotArm,930105,0.0,5.3541302568804445,5.384679006763605,1.0057056418909314,0,0.0,True
RobotArm,930105,0.02,5.352151327793508,5.381084383597104,1.005405874018051,0,0.0,True
Rosenbrock,930101,0.0,2.0221928227052233e-05,1.9852481306287522e-05,0.9817303811675848,0,1.0,True
Rosenbrock,930101,0.02,0.00019350880692650546,0.00016895736282506086,0.8731249265013079,0,0.5024632890521131,False
Rosenbrock,930102,0.0,2.3194688921773424e-05,2.28641531149398e-05,0.9857495046409819,0,1.0,True
Rosenbrock,930102,0.02,0.00018139217168921748,0.00016094757972480965,0.8872906599330209,0,1.0,False
Rosenbrock,930103,0.0,1.8543970775701398e-05,1.5222396191984636e-05,0.8208811573371816,0,0.6323087718676189,True
Rosenbrock,930103,0.02,0.00013257639118777849,0.00010039695553248033,0.7572762739504664,0,1.0,False
Rosenbrock,930104,0.0,4.6463347862544975e-05,3.6850992622747664e-05,0.793119616170706,0,1.0,True
Rosenbrock,930104,0.02,0.00024308369090171993,0.0002215611914187119,0.911460536890935,0,0.40094621302841815,False
Rosenbrock,930105,0.0,0.00013863050230532257,0.00010540027458670444,0.7602964198641428,0,1.0,True
Rosenbrock,930105,0.02,0.0004669853498293818,0.0003223534092985906,0.6902859145717648,0,1.0,False
SolarCell,930101,0.0,7.228496453699165e-06,1.1199378954360327e-05,1.5493372689736962,0.47848879906036723,0.3662583198345618,True
SolarCell,930101,0.02,0.00028557294843411894,0.0002929543444677177,1.0258476724566283,0.7851010262425376,0.889182633238271,True
SolarCell,930102,0.0,1.300013092690435e-05,1.190874268765853e-05,0.9160479040263245,0.3075464090730387,0.14822709968300046,True
SolarCell,930102,0.02,0.0002296717367898358,0.00020633354895693303,0.8983845894183368,0.44865008226584363,0.5920056191558764,True
SolarCell,930103,0.0,2.1250416099069593e-05,2.8280997253202418e-05,1.3308443995334587,0.205652836195555,0.23849969961066253,True
SolarCell,930103,0.02,0.0003994294524338756,0.0003175966891031044,0.7951258655761788,0.5240321350646255,0.7697533681512387,True
SolarCell,930104,0.0,1.2134168391495732e-05,1.4717097101696612e-05,1.2128640898053737,0.2883745675688849,0.23867177677631846,True
SolarCell,930104,0.02,0.0003630647189962659,0.0003608937564753444,0.9940204530836176,0.5154583670878672,0.6900832656373918,True
SolarCell,930105,0.0,1.298835669316579e-05,1.3916080020490909e-05,1.0714273059511263,0.2796753574227994,0.378042495400458,True
SolarCell,930105,0.02,0.0006212178968238388,0.0004848999480505609,0.7805633909289414,0.8613052830117862,0.6978591376054707,True
Sulfur,930101,0.0,2.857093169144661e-12,4.708240568488116e-31,1.0,0.0,1.0,True
Sulfur,930101,0.02,0.0002306443785254185,0.0003235449003798217,1.4027868463491089,0.057836614892949806,0.614886378064337,True
Sulfur,930102,0.0,5.472635138493386e-12,4.754434709554215e-31,1.0,0.0,1.0,True
Sulfur,930102,0.02,0.0006318948030085466,0.000405533395916232,0.641773589504813,0.030387574669446863,0.7674715437185189,True
Sulfur,930103,0.0,2.317261694252847e-11,6.008007988215681e-31,1.0,8.430246797290741e-06,1.0,True
Sulfur,930103,0.02,0.0012152861950296707,0.0015015085026917655,1.235518439057976,0.23269136198137197,1.0,True
Sulfur,930104,0.0,3.3575075496552964e-12,5.587509045699387e-31,1.0,0.0,1.0,True
Sulfur,930104,0.02,0.002981922538629161,0.0019357798786154752,0.6491717519615331,0.0,1.0,True
Sulfur,930105,0.0,4.174927962661721e-12,4.871985496574128e-31,1.0,0.03823062197495422,1.0,True
Sulfur,930105,0.02,0.0004213005842000476,0.0004652631936036368,1.104349747074441,0.026019860383156842,0.0,True
UndampedOscillator,930101,0.0,5.844007981898111e-05,5.860806146498497e-05,1.0028744253348751,0,0.0,False
UndampedOscillator,930101,0.02,0.0005860458266153884,0.0005661793391313893,0.9661007952249492,0,0.11026052039137402,False
UndampedOscillator,930102,0.0,7.523247318629484e-05,7.753481943210193e-05,1.0306030913021553,0,0.19374090265651644,False
UndampedOscillator,930102,0.02,0.0005433662192712655,0.000543366219405502,1.000000000247046,0,0.0,False
UndampedOscillator,930103,0.0,6.287362005673765e-05,5.595789514722062e-05,0.8900059372551448,0,0.0,False
UndampedOscillator,930103,0.02,0.0002502585171284267,0.0002616881176394466,1.0456711749201097,0,0.0,False
UndampedOscillator,930104,0.0,4.305717187798856e-05,4.3270659130004365e-05,1.004958227461403,0,0.061629093704373784,False
UndampedOscillator,930104,0.02,0.00033754370627598994,0.0003651980475247738,1.0819281791797728,0,0.17385596221155541,False
UndampedOscillator,930105,0.0,0.00013472801549465057,0.0001347280154940268,0.9999999999953708,0,0.0,False
UndampedOscillator,930105,0.02,0.00044226668119962305,0.000437300639247066,0.9887713857641572,0,0.10993793231251701,False
Webster2D,930101,0.0,2.523934500873609e-12,2.5731164397247465e-12,1.0,0,1.0148081451708239e-05,True
Webster2D,930101,0.02,0.00010689466168734857,9.772462546178702e-05,0.9142142733714566,0,0.042081759469787997,True
Webster2D,930102,0.0,1.4540864591104423e-12,4.1084385327474214e-12,1.0,0,0.0004492467508989094,True
Webster2D,930102,0.02,2.3159280657354717e-05,2.3159280657122766e-05,0.9999999999899849,0,0.0,False
Webster2D,930103,0.0,9.430514995615e-13,9.427379201267958e-13,1.0,0,0.0,True
Webster2D,930103,0.02,3.423543165190825e-05,4.1418389219175135e-05,1.2098106324552953,0,0.20325209835638078,True
Webster2D,930104,0.0,1.7579998859608496e-12,1.758617734388397e-12,1.0,0,0.0,True
Webster2D,930104,0.02,3.849278747056373e-05,3.5959982684099816e-05,0.9342005359211568,0,0.05635857108862143,True
Webster2D,930105,0.0,9.440199746624492e-12,9.440355778223555e-12,1.0,0,0.0,True
Webster2D,930105,0.02,5.6268173849081084e-05,5.8849333808594554e-05,1.0458724672038662,0,0.30983394116994684,True
Welch1992,930101,0.0,0.5101448669497084,0.5101448669497047,0.9999999999999928,0,0.0,False
Welch1992,930101,0.02,0.5109497387782219,0.5109497387782167,0.9999999999999898,0,0.0,False
Welch1992,930102,0.0,0.4651033030905935,0.4651033030905957,1.0000000000000049,0,0,False
Welch1992,930102,0.02,0.46623379277949323,0.4662337927794959,1.0000000000000058,0,0,False
Welch1992,930103,0.0,0.5736528914226978,0.5736528914226983,1.0000000000000007,0,0,False
Welch1992,930103,0.02,0.5741514412741161,0.5741514412741175,1.0000000000000027,0,0,False
Welch1992,930104,0.0,0.5039854813197193,0.5039854813197204,1.0000000000000022,0,0.0,False
Welch1992,930104,0.02,0.5044185769474924,0.5044185769474937,1.0000000000000027,0,0.0,False
Welch1992,930105,0.0,0.5288025291120304,0.5346917246156966,1.0111368519994701,0,0.0,False
Welch1992,930105,0.02,0.5301745747148761,0.5367750681034819,1.0124496603635802,0,0.0,False
WingWeight,930101,0.0,0.0005167059000479715,0.00031325490406996354,0.6062537780986833,0.7173152473232095,0.7894741178085112,True
WingWeight,930101,0.02,0.0007408059691175799,0.0006506712438439191,0.8783288350375661,0.0,0.48214226983094743,True
WingWeight,930102,0.0,0.0002532680096197159,0.0004067551889193416,1.606026712690988,0.8742835674037596,0.7138236141228343,True
WingWeight,930102,0.02,0.000580410805230224,0.0006761512838618837,1.1649529570588941,0.3675952980265052,0.41822085209091825,True
WingWeight,930103,0.0,0.0002158351079427693,0.00024999645369748545,1.158275204068164,0.7248935824504235,0.8084216212532433,True
WingWeight,930103,0.02,0.000846751704068194,0.0006994361621304004,0.8260227393343049,0.42290123110874145,0.8762369534688602,True
WingWeight,930104,0.0,0.00027136987338186627,0.0002603514112622209,0.9593968852093608,0.8642601542954964,0.914606647403484,True
WingWeight,930104,0.02,0.0009916808210434255,0.0008543821743801796,0.8615495593443228,0.02670970681108602,0.9101154306941349,True
WingWeight,930105,0.0,0.0003482478445118651,0.00018632435102235336,0.5350337524228524,0.619942449295885,0.9440694859821284,True
WingWeight,930105,0.02,0.0007458002075957844,0.0004514758284590556,0.6053576063145192,0.3196212636053891,0.7206787860354489,True
