name,k,predicted_choice,actual_choice,choice_correct,regret_pct,broadcast_latency_ms,local_latency_ms
r04_c04_k16,8,broadcast,broadcast,True,0.0,0.00036930602032603173,0.00045015599002301673
r04_c04_k16,16,broadcast,broadcast,True,0.0,0.0006506820358125321,0.0007073879843218834
r04_c04_k16,32,broadcast,broadcast,True,0.0,0.0012661920696892517,0.0013826219693564086
r04_c04_k16,64,broadcast,broadcast,True,0.0,0.002497212137442691,0.0027330899394254586
r04_c04_k16,128,broadcast,broadcast,True,0.0,0.004959252272949569,0.0054340258795635595
r04_c04_k16,256,broadcast,broadcast,True,0.0,0.009883332543963326,0.01083589775983976
r04_c04_k16,512,broadcast,broadcast,True,0.0,0.01973149308599084,0.02163964152039216
r04_c04_k16,1024,broadcast,broadcast,True,0.0,0.039427814170045865,0.04324712904149697
r04_c04_k16,3072,broadcast,broadcast,True,0.0,0.11821309850626596,0.12967707912591617
r04_c08_k32,8,broadcast,broadcast,True,0.0,0.00038833200386341043,0.00054009600238171
r04_c08_k32,16,broadcast,broadcast,True,0.0,0.0006842040068069612,0.0008101440035725649
r04_c08_k32,32,broadcast,broadcast,True,0.0,0.0012759480126940629,0.001350240005954275
r04_c08_k32,64,broadcast,broadcast,True,0.0,0.002514912025020182,0.002666724011759693
r04_c08_k32,128,broadcast,broadcast,True,0.0,0.00499284004967242,0.005299692023370529
r04_c08_k32,256,broadcast,broadcast,True,0.0,0.009948696098976896,0.010565628046592201
r04_c08_k32,512,broadcast,broadcast,True,0.0,0.019860408197585847,0.021097500093035546
r04_c08_k32,1024,broadcast,broadcast,True,0.0,0.039683832394803754,0.042161244185922236
r04_c08_k32,3072,broadcast,broadcast,True,0.0,0.11897752918367537,0.12641622055746898
r08_c04_k32,8,broadcast,broadcast,True,0.0,0.000386756992472709,0.0005349760183832702
r08_c04_k32,16,broadcast,broadcast,True,0.0,0.0006814289867376302,0.0008024640275749053
r08_c04_k32,32,broadcast,broadcast,True,0.0,0.0012707729752674723,0.0013374400459581755
r08_c04_k32,64,broadcast,broadcast,True,0.0,0.0025047119512518297,0.0026414440907673964
r08_c04_k32,128,broadcast,broadcast,True,0.0,0.004972589903220544,0.005249452180385838
r08_c04_k32,256,broadcast,broadcast,True,0.0,0.009908345807157973,0.010465468359622723
r08_c04_k32,512,broadcast,broadcast,True,0.0,0.01977985761503283,0.02089750071809649
r08_c04_k32,1024,broadcast,broadcast,True,0.0,0.03952288123078255,0.04176156543504403
r08_c04_k32,3072,broadcast,broadcast,True,0.0,0.11849497569378141,0.12521782430283418
r08_c08_k16,8,broadcast,broadcast,True,0.0,0.00042533400356305494,0.0006194520427636094
r08_c08_k16,16,broadcast,broadcast,True,0.0,0.0007493980062777634,0.000894764061769658
r08_c08_k16,32,broadcast,broadcast,True,0.0,0.0014582880122161884,0.00175511412116356
r08_c08_k16,64,broadcast,broadcast,True,0.0,0.002876068024093038,0.0034758142399513637
r08_c08_k16,128,broadcast,broadcast,True,0.0,0.005711628047846738,0.006917214477526972
r08_c08_k16,256,broadcast,broadcast,True,0.0,0.011382748095354136,0.013800014952678187
r08_c08_k16,512,broadcast,broadcast,True,0.0,0.022724988190368934,0.02756561590298062
r08_c08_k16,1024,broadcast,broadcast,True,0.0,0.045409468380398534,0.05509681780358548
r08_c08_k16,3072,broadcast,broadcast,True,0.0,0.1361473891405169,0.16522162540600493
r08_c08_k64,8,broadcast,broadcast,True,0.0,0.00041796299164533206,0.0006253200171987813
r08_c08_k64,16,broadcast,broadcast,True,0.0,0.0007364109852798708,0.000903240024842684
r08_c08_k64,32,broadcast,broadcast,True,0.0,0.0013733069725489482,0.0014590800401304896
r08_c08_k64,64,broadcast,local,False,2.969506071410022,0.002647098947087103,0.0025707600707061008
r08_c08_k64,128,broadcast,local,False,2.89050537625013,0.005254391894969889,0.005106780140456714
r08_c08_k64,256,broadcast,local,False,2.850600588251262,0.01046897779073546,0.01017882027995794
r08_c08_k64,512,broadcast,local,False,2.8305458742825973,0.0208981495822666,0.020322900558960393
r08_c08_k64,1024,broadcast,local,False,2.820492784132367,0.04175649316532889,0.040611061116965295
r08_c08_k64,3072,broadcast,local,False,2.813781163318785,0.12518986749757802,0.12176370334898491
r08_c12_k32,8,broadcast,broadcast,True,0.0,0.00043314599686719964,0.0007008799633710652
r08_c12_k32,16,broadcast,broadcast,True,0.0,0.0007631619944803041,0.0009812319487194911
r08_c12_k32,32,broadcast,broadcast,True,0.0,0.0014231939897065133,0.0015419359194163433
r08_c12_k32,64,broadcast,broadcast,True,0.0,0.0028051359797113882,0.0030488278406641334
r08_c12_k32,128,broadcast,broadcast,True,0.0,0.005569019959721138,0.0060626116831597136
r08_c12_k32,256,broadcast,broadcast,True,0.0,0.01109678791974064,0.012090179368150874
r08_c12_k32,512,broadcast,broadcast,True,0.0,0.02215232383977964,0.024145314738133195
r08_c12_k32,1024,broadcast,broadcast,True,0.0,0.04426339567985764,0.048255585478097836
r08_c12_k32,3072,broadcast,broadcast,True,0.0,0.13270768304016964,0.1446966684379564
r12_c08_k32,8,broadcast,broadcast,True,0.0,0.0004478879915528937,0.000680120024538327
r12_c08_k32,16,broadcast,broadcast,True,0.0,0.0007891359851170032,0.0009521680343536578
r12_c08_k32,32,broadcast,broadcast,True,0.0,0.0014716319722452222,0.0014962640539843194
r12_c08_k32,64,broadcast,broadcast,True,0.0,0.002900607945294931,0.0029585221067417226
r12_c08_k32,128,broadcast,broadcast,True,0.0,0.005758559891394348,0.0058830382122565285
r12_c08_k32,256,broadcast,broadcast,True,0.0,0.011474463783593182,0.011732070423286141
r12_c08_k32,512,broadcast,broadcast,True,0.0,0.02290627156799085,0.023430134845345365
r12_c08_k32,1024,broadcast,broadcast,True,0.0,0.04576988713678619,0.04682626368946381
r12_c08_k32,3072,broadcast,broadcast,True,0.0,0.13722434941196754,0.1404107790659376
r10_c12_k64,8,broadcast,broadcast,True,0.0,0.0004441080191844147,0.0007418459958683199
r10_c12_k64,16,broadcast,broadcast,True,0.0,0.0007824760338011116,0.0010244539942943465
r10_c12_k64,32,broadcast,broadcast,True,0.0,0.0014592120630345054,0.0015896699911463997
r10_c12_k64,64,broadcast,local,False,3.403627406855314,0.002812684121501293,0.002720101984850506
r10_c12_k64,128,broadcast,local,False,3.296915717064941,0.005583072241175499,0.005404877969897759
r10_c12_k64,256,broadcast,local,False,3.2430350605806346,0.011123848480523911,0.010774429939992265
r10_c12_k64,512,broadcast,local,False,3.2159620213619178,0.022205400959220734,0.021513533880181276
r10_c12_k64,1024,broadcast,local,False,3.202392133175036,0.044368505916614384,0.0429917417605593
r10_c12_k64,3072,broadcast,local,False,3.1933331450623603,0.13302092574618898,0.1289045732820714
r12_c10_k64,8,broadcast,broadcast,True,0.0,0.00044555697859781845,0.000731346024866055
r12_c10_k64,16,broadcast,broadcast,True,0.0,0.0007850289622913945,0.001009954034338838
r12_c10_k64,32,broadcast,broadcast,True,0.0,0.0014639729296785464,0.0015671700532844035
r12_c10_k64,64,broadcast,local,False,5.230409602486175,0.0028218608644528503,0.002681602091175535
r12_c10_k64,128,broadcast,local,False,5.121812688551741,0.005601287730944004,0.005328378181166972
r12_c10_k64,256,broadcast,local,False,5.066980148401212,0.01116014146392631,0.010621930361149846
r12_c10_k64,512,broadcast,local,False,5.039428822808345,0.022277848929890924,0.021209034721115596
r12_c10_k64,1024,broadcast,local,False,5.025619201927789,0.04451326386182015,0.04238324344104709
r12_c10_k64,3072,broadcast,local,False,5.016400173025315,0.13345492358953706,0.1270800783207731
