name,topology,rows,cols,k_tile,pe_count,seed,route_ok,routed_fmax_mhz,routed_period_ns,synth_dsp,synth_bram,synth_lut4,synth_ff,elapsed_sec,error_stage,timing_metric,phase
r08_c11_k320,broadcast,8,11,320,88,38,True,44.76275634765625,22.34000051813966,88,5,0,3008,35.23987817764282,,post_route_report_json,deployment
r08_c11_k448,broadcast,8,11,448,88,38,True,48.40739440917969,20.658000956365584,88,5,0,3008,34.673760652542114,,post_route_report_json,deployment
r11_c08_k320,broadcast,11,8,320,88,38,True,47.79886245727539,20.920999969274195,88,5,0,3012,37.116822719573975,,post_route_report_json,deployment
r11_c08_k448,broadcast,11,8,448,88,38,True,49.478004455566406,20.211001049932147,88,5,0,3012,48.40567111968994,,post_route_report_json,deployment
r10_c13_k320,broadcast,10,13,320,130,38,True,42.94425964355469,23.285999300027182,130,6,0,4379,57.73143792152405,,post_route_report_json,deployment
r10_c13_k448,broadcast,10,13,448,130,38,True,40.47763442993164,24.705001022997994,130,6,0,4379,125.85979628562927,,post_route_report_json,deployment
r13_c10_k320,broadcast,13,10,320,130,38,True,43.94831848144531,22.753999118810277,130,6,0,4382,117.3468554019928,,post_route_report_json,deployment
r13_c10_k448,broadcast,13,10,448,130,38,True,46.06596755981445,21.707999483600293,130,6,0,4382,60.47547364234924,,post_route_report_json,deployment
r08_c11_k320,broadcast,8,11,320,88,39,True,46.14674758911133,21.66999956105157,88,5,0,3008,29.867913484573364,,post_route_report_json,deployment
r08_c11_k448,broadcast,8,11,448,88,39,True,45.07956314086914,22.18300112791909,88,5,0,3008,27.435766220092773,,post_route_report_json,deployment
r11_c08_k320,broadcast,11,8,320,88,39,True,47.501426696777344,21.05199926695767,88,5,0,3012,28.032188653945923,,post_route_report_json,deployment
r11_c08_k448,broadcast,11,8,448,88,39,True,46.82524490356445,21.356001491491988,88,5,0,3012,29.123473167419434,,post_route_report_json,deployment
r10_c13_k320,broadcast,10,13,320,130,39,True,42.83755874633789,23.344000668233416,130,6,0,4379,56.046154737472534,,post_route_report_json,deployment
r10_c13_k448,broadcast,10,13,448,130,39,True,44.401031494140625,22.52199929481289,130,6,0,4379,48.392478704452515,,post_route_report_json,deployment
r13_c10_k320,broadcast,13,10,320,130,39,True,43.42162322998047,23.03000039182206,130,6,0,4382,46.99851632118225,,post_route_report_json,deployment
r13_c10_k448,broadcast,13,10,448,130,39,True,43.529361724853516,22.97299938191008,130,6,0,4382,50.57215905189514,,post_route_report_json,deployment
r08_c11_k320,broadcast,8,11,320,88,40,True,46.83840560913086,21.350000859231983,88,5,0,3008,28.80606698989868,,post_route_report_json,deployment
r08_c11_k448,broadcast,8,11,448,88,40,True,49.32182693481445,20.27499916662935,88,5,0,3008,38.22026324272156,,post_route_report_json,deployment
r11_c08_k320,broadcast,11,8,320,88,40,True,49.583499908447266,20.167999472534927,88,5,0,3012,28.352499961853027,,post_route_report_json,deployment
r11_c08_k448,broadcast,11,8,448,88,40,True,45.23044967651367,22.10899973694622,88,5,0,3012,27.661505460739136,,post_route_report_json,deployment
r10_c13_k320,broadcast,10,13,320,130,40,True,48.12319564819336,20.779999884266662,130,6,0,4379,52.225419759750366,,post_route_report_json,deployment
r10_c13_k448,broadcast,10,13,448,130,40,True,45.45041275024414,22.00200041075817,130,6,0,4379,64.81062746047974,,post_route_report_json,deployment
r13_c10_k320,broadcast,13,10,320,130,40,True,43.27880096435547,23.106000575746137,130,6,0,4382,41.08045554161072,,post_route_report_json,deployment
r13_c10_k448,broadcast,13,10,448,130,40,True,46.57444763183594,21.471000749270306,130,6,0,4382,54.92026400566101,,post_route_report_json,deployment
r08_c11_k320,local,8,11,320,88,38,True,56.57708740234375,17.674999649391182,88,5,0,5083,31.45149874687195,,post_route_report_json,deployment
r08_c11_k448,local,8,11,448,88,38,True,62.050140380859375,16.115998994717348,88,5,0,5083,28.765082120895386,,post_route_report_json,deployment
r11_c08_k320,local,11,8,320,88,38,True,54.31240463256836,18.412000108725646,88,5,0,5091,30.413426160812378,,post_route_report_json,deployment
r11_c08_k448,local,11,8,448,88,38,True,60.4156608581543,16.551999693387945,88,5,0,5091,32.615015745162964,,post_route_report_json,deployment
r10_c13_k320,local,10,13,320,130,38,True,50.630348205566406,19.750999853681787,130,6,0,7445,51.47990798950195,,post_route_report_json,deployment
r10_c13_k448,local,10,13,448,130,38,True,56.214515686035156,17.78899965242288,130,6,0,7445,54.282066822052,,post_route_report_json,deployment
r13_c10_k320,local,13,10,320,130,38,True,54.0423698425293,18.50399978597974,130,6,0,7451,62.674073219299316,,post_route_report_json,deployment
r13_c10_k448,local,13,10,448,130,38,True,59.02839279174805,16.94099996128975,130,6,0,7451,59.7947940826416,,post_route_report_json,deployment
r08_c11_k320,local,8,11,320,88,39,True,51.76251220703125,19.3190005152834,88,5,0,5083,49.32351040840149,,post_route_report_json,deployment
r08_c11_k448,local,8,11,448,88,39,True,50.34232711791992,19.864000280671146,88,5,0,5083,44.409892082214355,,post_route_report_json,deployment
r11_c08_k320,local,11,8,320,88,39,True,52.963294982910156,18.881000517861914,88,5,0,5091,50.67775297164917,,post_route_report_json,deployment
r11_c08_k448,local,11,8,448,88,39,True,53.83869934082031,18.573999971091492,88,5,0,5091,43.09529447555542,,post_route_report_json,deployment
r10_c13_k320,local,10,13,320,130,39,True,58.678558349609375,17.042000146662723,130,6,0,7445,69.0187497138977,,post_route_report_json,deployment
r10_c13_k448,local,10,13,448,130,39,True,51.08034896850586,19.57700016138419,130,6,0,7445,91.11209440231323,,post_route_report_json,deployment
r13_c10_k320,local,13,10,320,130,39,True,58.452186584472656,17.1079998616449,130,6,0,7451,73.01695561408997,,post_route_report_json,deployment
r13_c10_k448,local,13,10,448,130,39,True,53.293540954589844,18.76399995361682,130,6,0,7451,60.239460468292236,,post_route_report_json,deployment
r08_c11_k320,local,8,11,320,88,40,True,57.633567810058594,17.350999391460082,88,5,0,5083,33.59356379508972,,post_route_report_json,deployment
r08_c11_k448,local,8,11,448,88,40,True,54.908851623535156,18.21199989495642,88,5,0,5083,32.1912944316864,,post_route_report_json,deployment
r11_c08_k320,local,11,8,320,88,40,True,58.50347900390625,17.093000570670856,88,5,0,5091,29.887036561965942,,post_route_report_json,deployment
r11_c08_k448,local,11,8,448,88,40,True,56.670066833496094,17.64600001157803,88,5,0,5091,29.859721422195435,,post_route_report_json,deployment
r10_c13_k320,local,10,13,320,130,40,True,57.46796417236328,17.400999224554166,130,6,0,7445,56.79167890548706,,post_route_report_json,deployment
r10_c13_k448,local,10,13,448,130,40,True,61.80087661743164,16.181000250050477,130,6,0,7445,52.40745997428894,,post_route_report_json,deployment
r13_c10_k320,local,13,10,320,130,40,True,61.62568664550781,16.22699972094988,130,6,0,7451,71.13182997703552,,post_route_report_json,deployment
r13_c10_k448,local,13,10,448,130,40,True,57.43495559692383,17.410999792843214,130,6,0,7451,50.14555215835571,,post_route_report_json,deployment
r08_c11_k320,broadcast,8,11,320,88,35,True,45.80222702026367,21.832999508027925,88,5,0,3008,31.490983724594116,,post_route_report_json,selection
r08_c11_k448,broadcast,8,11,448,88,35,True,48.85675048828125,20.46800063462795,88,5,0,3008,30.01410675048828,,post_route_report_json,selection
r11_c08_k320,broadcast,11,8,320,88,35,True,44.84103775024414,22.3010003820564,88,5,0,3012,30.013940811157227,,post_route_report_json,selection
r11_c08_k448,broadcast,11,8,448,88,35,True,47.96623229980469,20.847999770957035,88,5,0,3012,30.3437397480011,,post_route_report_json,selection
r10_c13_k320,broadcast,10,13,320,130,35,True,43.43671417236328,23.02199922470776,130,6,0,4379,54.140143394470215,,post_route_report_json,selection
r10_c13_k448,broadcast,10,13,448,130,35,True,45.54356002807617,21.95700115194182,130,6,0,4379,48.3339467048645,,post_route_report_json,selection
r13_c10_k320,broadcast,13,10,320,130,35,True,46.860355377197266,21.34000034678803,130,6,0,4382,52.97794055938721,,post_route_report_json,selection
r13_c10_k448,broadcast,13,10,448,130,35,True,44.71671676635742,22.36300140783925,130,6,0,4382,49.32282257080078,,post_route_report_json,selection
r08_c11_k320,broadcast,8,11,320,88,36,True,48.10467529296875,20.78800020808301,88,5,0,3008,23.799362182617188,,post_route_report_json,selection
r08_c11_k448,broadcast,8,11,448,88,36,True,48.222984313964844,20.73699946667156,88,5,0,3008,26.939982891082764,,post_route_report_json,selection
r11_c08_k320,broadcast,11,8,320,88,36,True,49.85044860839844,20.06000001836548,88,5,0,3012,26.017115116119385,,post_route_report_json,selection
r11_c08_k448,broadcast,11,8,448,88,36,True,51.345245361328125,19.476000026151855,88,5,0,3012,21.372909545898438,,post_route_report_json,selection
r10_c13_k320,broadcast,10,13,320,130,36,True,47.95473098754883,20.852999889826183,130,6,0,4379,43.4629180431366,,post_route_report_json,selection
r10_c13_k448,broadcast,10,13,448,130,36,True,44.04704284667969,22.702999687875323,130,6,0,4379,41.27353572845459,,post_route_report_json,selection
r13_c10_k320,broadcast,13,10,320,130,36,True,46.244911193847656,21.624000872403844,130,6,0,4382,40.412503480911255,,post_route_report_json,selection
r13_c10_k448,broadcast,13,10,448,130,36,True,45.96221923828125,21.756999913683778,130,6,0,4382,40.59281277656555,,post_route_report_json,selection
r08_c11_k320,broadcast,8,11,320,88,37,True,47.57826614379883,21.018000046021776,88,5,0,3008,41.21434807777405,,post_route_report_json,selection
r08_c11_k448,broadcast,8,11,448,88,37,True,47.31488037109375,21.13500007094879,88,5,0,3008,29.874309062957764,,post_route_report_json,selection
r11_c08_k320,broadcast,11,8,320,88,37,True,49.31209945678711,20.278998684213683,88,5,0,3012,29.058177947998047,,post_route_report_json,selection
r11_c08_k448,broadcast,11,8,448,88,37,True,47.21657943725586,21.179001357539214,88,5,0,3012,31.383625984191895,,post_route_report_json,selection
r10_c13_k320,broadcast,10,13,320,130,37,True,43.58058166503906,22.945999383074174,130,6,0,4379,43.91317653656006,,post_route_report_json,selection
r10_c13_k448,broadcast,10,13,448,130,37,True,45.25091552734375,22.099000392505438,130,6,0,4379,49.399497270584106,,post_route_report_json,selection
r13_c10_k320,broadcast,13,10,320,130,37,True,46.40586471557617,21.549000457788022,130,6,0,4382,43.47842240333557,,post_route_report_json,selection
r13_c10_k448,broadcast,13,10,448,130,37,True,45.30010986328125,22.07500165050519,130,6,0,4382,44.435264348983765,,post_route_report_json,selection
