platform,split,rows,cols,pe_count,sqrt_pe,seed,broadcast_period_ns,local_period_ns,q,broadcast_total_cells,local_total_cells,broadcast_dff_cells,local_dff_cells,broadcast_area_um2,local_area_um2,broadcast_wire_length_um,local_wire_length_um
nangate45,discovery,2,4,8,2.8284271247461903,11,1.59,1.42,0.10691823899371078,5192,5672,301,485,10877.272,12000.058,60968.0,64157.0
nangate45,discovery,2,4,8,2.8284271247461903,29,1.59,1.42,0.10691823899371078,5192,5672,301,485,10877.272,12000.058,60550.0,64344.0
nangate45,discovery,2,4,8,2.8284271247461903,47,1.59,1.42,0.10691823899371078,5192,5672,301,485,10877.272,12000.058,60261.0,63977.0
nangate45,discovery,4,2,8,2.8284271247461903,11,1.56,1.48,0.05128205128205133,5194,5564,297,473,10823.008,11786.992,56803.0,64894.0
nangate45,discovery,4,2,8,2.8284271247461903,29,1.57,1.48,0.05732484076433126,5194,5564,297,473,10823.008,11786.992,56668.0,64091.0
nangate45,discovery,4,2,8,2.8284271247461903,47,1.55,1.49,0.038709677419354875,5194,5564,297,473,10823.008,11786.992,57872.0,64636.0
nangate45,discovery,3,6,18,4.242640687119285,11,1.73,1.57,0.09248554913294793,11497,12542,643,1076,24158.918,26722.626,153345.0,157141.0
nangate45,discovery,3,6,18,4.242640687119285,29,1.74,1.56,0.10344827586206894,11497,12542,643,1076,24158.918,26722.626,151000.0,162498.0
nangate45,discovery,3,6,18,4.242640687119285,47,1.7,1.6,0.05882352941176463,11497,12542,643,1076,24158.918,26722.626,153461.0,158513.0
nangate45,discovery,6,3,18,4.242640687119285,11,1.63,1.46,0.10429447852760733,11251,12285,634,1050,23724.008,26298.356,141978.0,152913.0
nangate45,discovery,6,3,18,4.242640687119285,29,1.63,1.47,0.09815950920245395,11251,12285,634,1050,23724.008,26298.356,141646.0,152070.0
nangate45,discovery,6,3,18,4.242640687119285,47,1.68,1.47,0.12499999999999999,11251,12285,634,1050,23724.008,26298.356,141159.0,150619.0
nangate45,discovery,5,5,25,5.0,11,1.67,1.51,0.09580838323353288,15585,17039,864,1411,32965.912,36302.616,212561.0,222507.0
nangate45,discovery,5,5,25,5.0,29,1.69,1.51,0.10650887573964493,15585,17039,864,1411,32965.912,36302.616,209685.0,222691.0
nangate45,discovery,5,5,25,5.0,47,1.68,1.5,0.10714285714285711,15585,17039,864,1411,32965.912,36302.616,207225.0,223824.0
nangate45,discovery,7,7,49,7.0,11,1.72,1.52,0.11627906976744183,30479,33136,1650,2743,64235.808,70919.324,425599.0,474502.0
nangate45,discovery,7,7,49,7.0,29,1.72,1.53,0.11046511627906974,30479,33136,1650,2743,64235.808,70919.324,429219.0,474748.0
nangate45,discovery,7,7,49,7.0,47,1.69,1.52,0.10059171597633132,30479,33136,1650,2743,64235.808,70919.324,432105.0,473371.0
sky130hd,bridge,2,4,8,2.8284271247461903,11,7.2,6.35,0.11805555555555562,4674,5075,301,485,51580.72,56847.0208,124098.0,147326.0
sky130hd,bridge,2,4,8,2.8284271247461903,29,7.37,6.4,0.13161465400271366,4674,5075,301,485,51580.72,56847.0208,126021.0,143778.0
sky130hd,bridge,2,4,8,2.8284271247461903,47,7.57,6.5,0.14134742404227216,4674,5075,301,485,51580.72,56847.0208,124165.0,150064.0
sky130hd,bridge,4,2,8,2.8284271247461903,11,7.32,6.67,0.08879781420765032,4520,4863,297,473,50509.6928,55316.8032,117638.0,133131.0
sky130hd,bridge,4,2,8,2.8284271247461903,29,7.27,6.66,0.08390646492434656,4520,4863,297,473,50509.6928,55316.8032,117037.0,134119.0
sky130hd,bridge,4,2,8,2.8284271247461903,47,7.3,6.76,0.07397260273972603,4520,4863,297,473,50509.6928,55316.8032,117072.0,133658.0
sky130hd,bridge,3,6,18,4.242640687119285,11,7.42,7.11,0.04177897574123984,10250,10898,643,1076,114452.2688,125260.1344,313260.0,332983.0
sky130hd,bridge,3,6,18,4.242640687119285,29,7.59,7.27,0.04216073781291176,10250,10898,643,1076,114452.2688,125260.1344,304346.0,335816.0
sky130hd,bridge,3,6,18,4.242640687119285,47,7.7,7.23,0.061038961038961004,10250,10898,643,1076,114452.2688,125260.1344,310296.0,333896.0
sky130hd,bridge,6,3,18,4.242640687119285,11,7.59,7.25,0.04479578392621869,10115,10702,634,1050,112693.0816,123149.36,295158.0,325046.0
sky130hd,bridge,6,3,18,4.242640687119285,29,7.42,7.22,0.02695417789757415,10115,10702,634,1050,112693.0816,123149.36,294545.0,322954.0
sky130hd,bridge,6,3,18,4.242640687119285,47,7.42,7.28,0.018867924528301844,10115,10702,634,1050,112693.0816,123149.36,299011.0,322662.0
sky130hd,bridge,5,5,25,5.0,11,7.89,6.71,0.14955640050697083,14083,14998,864,1411,156657.7472,170983.9872,428409.0,484543.0
sky130hd,bridge,5,5,25,5.0,29,7.64,6.71,0.12172774869109944,14083,14998,864,1411,156657.7472,170983.9872,435505.0,482518.0
sky130hd,bridge,5,5,25,5.0,47,7.39,6.72,0.09066305818673884,14083,14998,864,1411,156657.7472,170983.9872,425800.0,482876.0
sky130hd,bridge,7,7,49,7.0,11,8.57,7.27,0.15169194865810975,27191,28673,1650,2743,304852.3776,330998.704,882411.0,996677.0
sky130hd,bridge,7,7,49,7.0,29,8.34,7.21,0.1354916067146283,27191,28673,1650,2743,304852.3776,330998.704,876730.0,989805.0
sky130hd,bridge,7,7,49,7.0,47,8.27,7.2,0.1293833131801692,27191,28673,1650,2743,304852.3776,330998.704,874654.0,993890.0
sky130hd,holdout,3,8,24,4.898979485566356,11,8.05,7.15,0.11180124223602488,13710,14615,850,1482,152588.8448,168361.472,411758.0,462318.0
sky130hd,holdout,3,8,24,4.898979485566356,29,7.75,7.23,0.06709677419354833,13710,14615,850,1482,152588.8448,168361.472,408838.0,466277.0
sky130hd,holdout,3,8,24,4.898979485566356,47,7.88,7.28,0.07614213197969538,13710,14615,850,1482,152588.8448,168361.472,416937.0,466027.0
sky130hd,holdout,8,3,24,4.898979485566356,11,8.05,6.86,0.14782608695652177,13337,14371,830,1418,149199.344,164484.0032,421611.0,441166.0
sky130hd,holdout,8,3,24,4.898979485566356,29,7.61,6.96,0.08541392904073591,13337,14371,830,1418,149199.344,164484.0032,405190.0,442838.0
sky130hd,holdout,8,3,24,4.898979485566356,47,7.87,6.83,0.13214739517153748,13337,14371,830,1418,149199.344,164484.0032,416283.0,436709.0
sky130hd,holdout,5,9,45,6.708203932499369,11,8.22,7.14,0.13138686131386873,24822,26661,1524,2591,279071.4016,306774.2208,786041.0,905316.0
sky130hd,holdout,5,9,45,6.708203932499369,29,8.69,7.19,0.17261219792865354,24822,26661,1524,2591,279071.4016,306774.2208,801108.0,900988.0
sky130hd,holdout,5,9,45,6.708203932499369,47,8.12,7.19,0.11453201970443336,24822,26661,1524,2591,279071.4016,306774.2208,789007.0,911482.0
sky130hd,holdout,9,5,45,6.708203932499369,11,8.1,6.95,0.14197530864197525,24746,26326,1512,2545,277757.6416,303501.0816,771523.0,841985.0
sky130hd,holdout,9,5,45,6.708203932499369,29,8.05,7.07,0.12173913043478266,24746,26326,1512,2545,277757.6416,303501.0816,785764.0,840243.0
sky130hd,holdout,9,5,45,6.708203932499369,47,8.19,7.14,0.1282051282051282,24746,26326,1512,2545,277757.6416,303501.0816,765155.0,846315.0
