platform,split,topology,rows,cols,pe_count,sqrt_pe,seed,attempted,route_ok,error_stage,period_min_ns,fmax_mhz,critical_path_delay_ns,setup_violations,hold_violations,max_slew_violations,max_fanout_violations,max_cap_violations,drc_count,total_cells,dff_cells,cell_area_um2,wire_length_um,gds_sha256,odb_sha256,spef_sha256,netlist_sha256,elapsed_sec
nangate45,discovery,broadcast,2,4,8,2.8284271247461903,11,True,True,,1.59,630.24,1.7073,0,0,0,0,0,0,5192,301,10877.272,60968.0,234109bb7ee75d59da55827bccc90fad91557d6974a91d71b36219062f9ad27d,ea9fae27f047e3923de62a4105255e874be64e3a988303567b74b87b30e6b305,2e0dd2931d923d493b32e52929ee3dde43370281f0779cf02e670a517e2dfb51,a9b003c429efbaac0202c546601c143135f39ae1d6019d1122c09730b51daf7e,189.36213755607605
nangate45,discovery,broadcast,4,2,8,2.8284271247461903,11,True,True,,1.56,641.44,1.6811,0,0,0,0,0,0,5194,297,10823.008,56803.0,b481d48d87a2bb5161dd90ec83fe20067156ad099916158c106af7645c819fde,a4c1baf99221f0c2f4f439b8f5a6c59e499a088886bb5a41604d5b3f456a7502,6782c55662b63d104c3542e06a792747e390bf3feb5ec7080a9798f14106ba7e,b13ad2c2ef00fcb0051d1fe73afa0d2bdfd68605f2b4ce6d8c5d98e71291be53,178.23427319526672
nangate45,discovery,broadcast,3,6,18,4.242640687119285,11,True,True,,1.73,577.23,1.8922,0,0,0,0,0,0,11497,643,24158.918,153345.0,71704ef7480ce5afee9e4b9e547d477facc5d265135e21cf4fbe8d116ca932df,01cae11d623dd3107d0a2cf95bb028266e5f87e8a1fd3a9cef357097f157b79f,1b5ad113933d52cb930c63e588cd33fc0ee75a8d49438aea50d50fc0a118e24e,d4d47f581f49908b22b401c995e7284f8558f5f995d5787e7072e6feeacff850,384.897225856781
nangate45,discovery,broadcast,6,3,18,4.242640687119285,11,True,True,,1.63,614.83,1.7908,0,0,0,0,0,0,11251,634,23724.008,141978.0,6a474ee3859abb7664a74790de1ae234bf0edfe9e9e77fe8ec3ca1dbfa58dc0a,2630313eef7d72429c7eb695182a7d3a68423d7bc471c97143dbca604a81f066,7c3794f4222069576465f10b47b51f29bc8892099e3aecc966a151900434d0eb,3f2f296b1a0cae0176376d100ef7418edc50c5530d842471bc5ad62644bc9d04,363.55127692222595
nangate45,discovery,broadcast,5,5,25,5.0,11,True,True,,1.67,599.48,1.8463,0,0,0,0,0,0,15585,864,32965.912,212561.0,edff63f74e3a2f43aee96709a6e69508ad1c41193b00ac738dc79cad303176bc,7ae30a99655d3fbdde0a1d24e352490c91cc2275a8f96299ed6ad57f54b4e890,2b0d30f24572b30fa78e9856da89722d82680408b5640a9b8a1540e5f14bd6ce,20acee830bb648b808559fe74bfa3a044d5ed6ebe9a74cbbb133ea44895d536f,465.150279045105
nangate45,discovery,broadcast,7,7,49,7.0,11,True,True,,1.72,581.1,1.9486,0,0,0,0,0,0,30479,1650,64235.808,425599.0,b2233bb58d50e6cc21d6faa427487ecffc657bfdbebb01cbcb9141ff3434df01,0936d2c0b89b920ac7b9e1e747b52979eded464836776858f9429a6d0ffb6e92,a4a2ce1bb789bad821b7a93178304004edbd80fd5d136f73249d6fef387a7ac3,fb95c581f91d1b0cee2e6e93b72256783c29e1ab1a64f611412d487bc6624d0f,913.9494605064392
nangate45,discovery,broadcast,2,4,8,2.8284271247461903,29,True,True,,1.59,627.44,1.713,0,0,0,0,0,0,5192,301,10877.272,60550.0,24ff1180f6e27f1210234c43583ee4126ba33fd08b787a572c6109375a9e3fa6,15909bfbafe3285c876c561bd3488a1e0dcaada65e5662efed3f6f629ff96110,d05578df4ba28f861547f528221430f1add5a22d3a7b43c69182b60294120718,e4d5ad6adf427d55b0cb3a55d2fb10be3bdafeec49aface5b766d004dab4bb23,95.10126256942749
nangate45,discovery,broadcast,4,2,8,2.8284271247461903,29,True,True,,1.57,636.31,1.6935,0,0,0,0,0,0,5194,297,10823.008,56668.0,b2a898cc787a43b248aca7d53672806391ca7f2f4438491dddff75468e301e6f,8f25423a64c08a61ab84c8589578353dc96b3e2cb90f0e808febc4869bf65282,e2b9ba385fd6311dc4a961ef5d223ce96c393a75ad2344d4ce54c9e18a7da7ee,f8f3f14a2102f3a895268c60cc3f55721f1bc374808f253dbab94245eb147310,91.91525316238403
nangate45,discovery,broadcast,3,6,18,4.242640687119285,29,True,True,,1.74,573.67,1.9028,0,0,0,0,0,0,11497,643,24158.918,151000.0,154d9c1c7119d3659d029cc15f5a2defd5de5eef36442dfe318c1116d6e27ec4,9d9a9991efabebead22dea5698c9770fe52adb252c2994ba2881f9e4efa4106b,f1d539418b2d21ea103b926b565d1b6622764aab178ec52454d1675ee8fa65de,3250cc12eabe10741d16c3b9a9a27f2ff04682d56ea9681a1edc79eb60a686df,196.17484998703003
nangate45,discovery,broadcast,6,3,18,4.242640687119285,29,True,True,,1.63,615.15,1.7786,0,0,0,0,1,0,11251,634,23724.008,141646.0,cbf9409d0fda83ccaac6df926d36724559be5becb09486779a52fafe662f92d7,62b708fefa21cba0001cd08fd599c1c43efa7d1c432b9d87b1bc1055b007304d,2140cb3b14d7caa052138e1f0d007e17dcf263022e8bc301c9e89b1792dd160a,8b8ac9009587290194c5b8cca3a9557a7b81285fce61bdbd15adc4c6f89c4d7e,192.38413047790527
nangate45,discovery,broadcast,5,5,25,5.0,29,True,True,,1.69,592.71,1.8687,0,0,0,0,0,0,15585,864,32965.912,209685.0,b8b821d6b6e84bc6c2888078d4f14827c5e2a8435f4028267540fba4ebc5b16b,939634a3d0c07cffe30c8f8048d3489f594228fac6daa2ec2eebb9cbb15634d7,1f293b3c57a67bf9efecd2464627e3d1d88396d96c6d6d04ae33bd508659bd37,d989c86a30c97b95ee98a695b3a9375ece071b58d10c98ea95cf641afc12c682,248.68312287330627
nangate45,discovery,broadcast,7,7,49,7.0,29,True,True,,1.72,583.01,1.9315,0,0,0,0,1,0,30479,1650,64235.808,429219.0,19cce55abd593b0ca240d43bae65c1902f6d832c26d152c224b9c9ab7011b920,129d016e97dd5ab0f8fb97fb8d24f3e6dfaa4934d398df7aeea1bb21766b5507,008bcf47fb8f5534dc7da50cc35639fa8460df4c00f21fd81e67804c89b7b808,22e35ad81bc820716a9a4e7322e9bacb706ec1810eac8e1c70fd2413d4a28a2f,490.3180639743805
nangate45,discovery,broadcast,2,4,8,2.8284271247461903,47,True,True,,1.59,628.39,1.7092,0,0,0,0,0,0,5192,301,10877.272,60261.0,d3e29a8cc5fb80e7b95d326a9c3173975a6be85ecf4ced15bb87050c93e02c7d,16d1b34900ebd3808a652b7d2489aa3169ecb2db7ed06fdf0d947c3dd8c559ed,707f07bef5d28757e831b45a309a61790f911e7339329650b73df813ce7160fc,f2111b730e8ba181312ffe8e3666bc3a7ed59d6d302427e21cf3f3ccaaa897a3,154.88090133666992
nangate45,discovery,broadcast,4,2,8,2.8284271247461903,47,True,True,,1.55,645.27,1.6743,0,0,0,0,0,0,5194,297,10823.008,57872.0,adde108eb01f98e7ca75fa9f808e482ed397e3cd0d37b4aab81f7c80795d2892,e2df63986f79d69eec18e32c53faf487e8e2f0ea41f12699d3fcb0c1330a8c22,4c84e08dbb55e2207b260ec2c62c798c38528a2ae9bc6e565a3f2964117c017a,80eafa2bbca457089bcb0ed3f561292e1b5f63b70c3101c6232e82bc1bf81caf,143.97443294525146
nangate45,discovery,broadcast,3,6,18,4.242640687119285,47,True,True,,1.7,589.56,1.8468,0,0,0,0,0,0,11497,643,24158.918,153461.0,a6a081727a1b60660fade5a29bae0ad30d2d0f7ea0327cc57625731e9b7cc1f5,a36991f00b2ca6aabec34088d09f3c6c5239c67bf11fe80ab8cd3dc9412612ba,ef48a74923e4af0773661e89e0f34df99af0933bbfa3ba0f84d9a4b37fb711e4,85e8c3562ea79340a26bd1070f2e0139c50448f654ca2e21d9e8bc458be11b24,311.6470699310303
nangate45,discovery,broadcast,6,3,18,4.242640687119285,47,True,True,,1.68,596.9,1.8421,0,0,0,0,0,0,11251,634,23724.008,141159.0,aba054c4964e164d2ad517370a399230c8832f170da1bb50ec7ca080e9ef2012,f0415bbf88913b768d4e4e30991e1144a83083c742b0e58db8fdd41df91e48f9,0cdba60e2f58d7b97dffbd2ab5f574856ab72cd2d924d794095f83a98a9a083b,8a3f0f7e23d6097588330c448f30e2bbd2dc2558d1c253bd74480a59a77730b9,285.7702760696411
nangate45,discovery,broadcast,5,5,25,5.0,47,True,True,,1.68,593.54,1.8617,0,0,0,0,0,0,15585,864,32965.912,207225.0,57f588b0353ed3b6170ad38b795e350aa92902286700268e9dd612cd5930b52f,7b6ca831ddfc5e36eb2e9bb1d0a4ba26b7dbb578e162b263c2c132ad4a6191ea,a3af369d315cfd5dc4e9067fe6aa87ad52005fd631c339f16525ffce3a7cc9d6,12e9df29be99d6ea38d4a01205cdb2c02945d5e75e58bc176379127285167b64,361.6101658344269
nangate45,discovery,broadcast,7,7,49,7.0,47,True,True,,1.69,591.44,1.9126,0,0,0,0,1,0,30479,1650,64235.808,432105.0,46d28a904a7c798c6f95ae9c384b47f3e65f7b917f153dbbb4887d182964298e,d3883e05e3bdb7a0c7a2d926adb12b8b56b0214d3e68c257bc41a4b8d719c5b8,d30f72e4b5cda9042756f6c83c28cd1a3111508d96917ffc30228a47a098245b,3a5e3ce4c9afd91eea5ad896703c6ed6f2da3e04b1c039db0a3028d8823dd32a,674.756331205368
nangate45,discovery,local,2,4,8,2.8284271247461903,11,True,True,,1.42,706.12,1.5486,0,0,0,0,0,0,5672,485,12000.058,64157.0,7e8bc2cc3086413cdab9cf4077ae91253a6602617d9a3796a79d3e5cfdb01c4d,874cc7e6b1ec4e578dacd2c4e8fb4cbe0a9d51bde5f91a2e74d119d9a3c12f6f,86c794c21c7440bfe268a8fec10944f1c386c8939ea1dd63e19d37f64bdc9c50,de99e2bf017ccc60148c76b20fa6b49b8686a3637e1aa7aa193a2e6f706a334e,145.11754846572876
nangate45,discovery,local,4,2,8,2.8284271247461903,11,True,True,,1.48,676.13,1.6012,0,0,0,0,0,0,5564,473,11786.992,64894.0,ffabd9bdf099694b08a6fb5637c26e9c3d795c7242ac4c091e8d2ff4bd25951c,681e2a28452ab648d32fa9b0420b70595da5691c2a7311b1ee86dc034144f89d,f3dc483123bbdab87b29a84d3711492faca371c7bade07925932b4ecbeadb181,f199d83e03e0d0432758fcf7dc23bce5ede5eb59a4e4513a4cd9c15d96a70ac1,147.94423484802246
nangate45,discovery,local,3,6,18,4.242640687119285,11,True,True,,1.57,638.94,1.7425,0,0,0,0,0,0,12542,1076,26722.626,157141.0,d7cc6e2ce4f2bf115dcc2a67f74e04ff07146821b8496e9239ad2d1eba8436f1,858d5238bee117e0a7e53a8a4d82f65897e1ce682b706d60323b33cdd5a3aac6,efd5e39b0b9e124fc68e63cf5413fab3b990647a3c9b5853738142255a098139,f117ff7c14a4370e71e24e4f62605f9ecfc3ddf170132bff87d0ea8c099228e8,294.0982494354248
nangate45,discovery,local,6,3,18,4.242640687119285,11,True,True,,1.46,683.64,1.6297,0,0,0,0,0,0,12285,1050,26298.356,152913.0,f5f93075350ea06306a7c78591ecd8778b1883d16ebe69ef43b3a743aa8d795c,a53748195ae45dfca48100ddb10714eae573d8fa0804e4ba95308b220f9d5e76,e23b67b7f29f6786eebb28586e0dd7efc4dbd9b89ae89593fd65cdd770fda1db,b4cee249b1210f327d98a9a8d10fa6608b0f141de5806ae379a50beb15ffe5d5,304.56917428970337
nangate45,discovery,local,5,5,25,5.0,11,True,True,,1.51,663.77,1.7072,0,0,0,0,0,0,17039,1411,36302.616,222507.0,bba42e396b4022e4c312779918eac4598544dc8b4ac0f0b3abe92d697bda49e2,947eb797a0cbaad07ca090af0c9c7086133237a7e7a04a6a44c6f189282870f5,040f9d355b88de54e37a6dcafd0b37bd3fa2031bfa1d50f3f10d2c6778404ce1,87f306f1bc9fb887ccb0558870de54c2681cd66d35de6bfac16b20b47b68c991,398.2628791332245
nangate45,discovery,local,7,7,49,7.0,11,True,True,,1.52,657.18,1.7702,0,0,0,0,1,0,33136,2743,70919.324,474502.0,02840cd6769590916159216c6eda85943855b5236b0e3f41b057a419c4c06c44,659c2a359167cf264608a8076471599ca63544c69388bd95515c2e1e1545856a,63b8e143d63fc8fe121544a89cb31b8f05042723a23d4e959fc0b749312f3ea5,0d69dbdc96689dd529ad5c24e44f30ddbec69cc942fef547ae7214ff5cbbe28b,736.6867218017578
nangate45,discovery,local,2,4,8,2.8284271247461903,29,True,True,,1.42,702.23,1.5558,0,0,0,0,0,0,5672,485,12000.058,64344.0,f51c3b705568c8c9d1d1c78dbfca3e8c3e694a4dc01aecc44866034a7cab5a5a,5f95df7d4be92563ff863e459fe7fd312cc93a73c11808febc2a54aa1cf9efe1,c836fe2173976dc691f415b77bbbf73074f280fcaca304f71524a75013ef903d,3bb58a50b09bec5b129e426ed481dda0ff53e41616a97b6d22c8e1062a96dd9b,210.59771752357483
nangate45,discovery,local,4,2,8,2.8284271247461903,29,True,True,,1.48,676.76,1.6016,0,0,0,0,0,0,5564,473,11786.992,64091.0,96633a16dfa581ef5b3ab174f36c011733da0fa847d4e719cfbf70ab192c58d7,10ebfae9c7add44dc210f8ddd75fb27287b12c6cbe3995c2e6133712b3e550c0,140d5d5161216f86da8257b2321745a8a4e42cf0dbeff41b7a48c6d30df68386,39cbbdde6484ece1cddbe1b1c50322c6e20c3934fa2fd6170170d2606604e3f4,205.51750946044922
nangate45,discovery,local,3,6,18,4.242640687119285,29,True,True,,1.56,640.53,1.7377,0,0,0,0,1,0,12542,1076,26722.626,162498.0,1e09b7358be857203e443e9c560b7605d8bc11b2a3e1df310135b7a72fe8cfa8,b1ed1ccbecc94d384577cba93210343d683247fac835e81fcd7613f311f51f0d,fee321511c110e9ce3f33b0a5ee18e6d68b56648e761af23781da9c60396a07f,bbeb294e78adc96a26b22040863ad051212900fa99bd64b045faeb871ea27e23,414.3665280342102
nangate45,discovery,local,6,3,18,4.242640687119285,29,True,True,,1.47,681.83,1.6419,0,0,0,0,0,0,12285,1050,26298.356,152070.0,91ff98253abed5d83fa9c97f05cff906de66671206c177b19f91506e8026bf4f,18196b30ab5edebe5ca9ef2c87fe360b28c25cf94826e84265c2c6c84263bbad,ca870cea1e0fa3d700b385b82fc3850a9a3d67f0f87da44df4d4437adfe51480,efcc7bb9657c4ea863469ca125d47821742cd1036412dbafbb32b84be44cdeed,413.61477065086365
nangate45,discovery,local,5,5,25,5.0,29,True,True,,1.51,660.58,1.7129,0,0,0,0,0,0,17039,1411,36302.616,222691.0,cd9520e8b9e614e2bf26a22e594aa93b9b0dbce82c49ac6174d5765879474351,7bb1512b0647163ab5d0f32381f4bb5b512dc0e3d65597c9805e6fdfcbfc25ee,5d14f75d626937e67c729663a1619d950d09877996471077cd75e7cb41a3da54,b2045bddf7cf680bd5e91034d0bc5c93e6a502bcbb21aa3b4237b613b0a933a5,523.3901500701904
nangate45,discovery,local,7,7,49,7.0,29,True,True,,1.53,653.67,1.7852,0,0,0,0,1,0,33136,2743,70919.324,474748.0,5782a4c59befa1de254b71e74e809cc53db6b96e6f77d141045db6d21ac0a235,ede7736749b432071722da3402fa9bb1ffff073937cce361628a43a54bd2255c,c907257985ec7d63b31dea820f2cb11870b74a3c3f99efd9236fc86f507cd0cf,5c0de78fee31798e31b525003f5d72e696dbf7aa18794fd846967167ce8d9183,982.6765010356903
nangate45,discovery,local,2,4,8,2.8284271247461903,47,True,True,,1.42,704.72,1.5481,0,0,0,0,0,0,5672,485,12000.058,63977.0,58b1ba8bc20de95484297d4abd09ae45a066ebdbfec0c80236b89415607fb049,81a0a59e543689ee68eeb8c4dec6547f20d5d67dc6fdd7478a14405f72d186e4,ee888ad63e8f25b827b7b90d22b80d376d1f178e56ee7162c5bff736ef07d1a9,ea1634e9458e31b2bb6dfcfdec5986664370946f83b382a5d3953ef68996bc9a,198.74684405326843
nangate45,discovery,local,4,2,8,2.8284271247461903,47,True,True,,1.49,670.9,1.6134,0,0,0,0,0,0,5564,473,11786.992,64636.0,9e33b34de5bf35e176b9d552f8c7d38ee831bab7d707ca3b0fb0b323f24214c8,7239a3beba8956770c46b1518daea9c1ebe692cfc32fc378c1e7676f70de051f,2d849d91feb8107c3da30eb0074da0b733cd3a44ba43586effa96901dafe775c,cee50a363dbbef41ab25456f0d2e46be16142668445794583aaeb12a08204ed7,199.04170680046082
nangate45,discovery,local,3,6,18,4.242640687119285,47,True,True,,1.6,625.32,1.7719,0,0,0,0,0,0,12542,1076,26722.626,158513.0,1b34247419320cd442207023d66f6f34c81fb1782072dd6217923125e465cdf7,3a8b2bcbfefa3fa4ce0857004fec744a3338bf64119a3db7b86b3104685bef7c,b967c33d2acf59426dc035baad3793b85082a2e065d7d4fc69feddf3d503ff51,9d757ad31826539dca9e575bfc654f7a64312d2a02e824c208a00c54d8395fe6,409.6999430656433
nangate45,discovery,local,6,3,18,4.242640687119285,47,True,True,,1.47,679.44,1.6398,0,0,0,0,0,0,12285,1050,26298.356,150619.0,d17b792baec7f6f583a57962ef36da92d70d9f7f81166d253533716d60602ca5,31080dce195296512efe1c100fd1dc6ce1b88e4f5d7a748cb418d71855b6ea02,69479cd86474bf20bdc5bf898946ce978ab59ceaea49d3c5a9bd5a27ec04d2de,67da9d608ed24653cb926c986d7e0e9900b643fec321a5e2516eab44a65e1851,409.47840571403503
nangate45,discovery,local,5,5,25,5.0,47,True,True,,1.5,665.53,1.6999,0,0,0,0,0,0,17039,1411,36302.616,223824.0,850c37bd5cd8194967ab6d4da6cd55eedcb76441814f0aaaf66fc187a7c41a23,77f4a00991093d52ca5ab0430ae04c7cbe7f5040d18eb010323c0c461d67371a,67376c2da2ff0b98107765f01184f39a2e649ec9008967a972fa3bc840a936d7,ef36b57759139b2bf593dfba9578c00566d6fb14c3609391966e1a0982eab03c,519.5953478813171
nangate45,discovery,local,7,7,49,7.0,47,True,True,,1.52,659.82,1.765,0,0,0,0,0,0,33136,2743,70919.324,473371.0,c51078d1b87feab5ef5b4378b5311ee105e623c104db2c94b6d9b8c49c857989,acbce949fe22df30dd4a8c147d87d5a98194f96eeabe84531e9271d4b1efd6e4,9e9934b3f9374ebb2e7cac307fcb35d79e80bcc2c03a4256a5ed51241de4ca15,a7590c71332fef458cf4b7607a46cae38509b9edccd9b4d37b15c6897ab8303e,991.7950043678284
sky130hd,bridge,broadcast,2,4,8,2.8284271247461903,11,True,True,,7.2,138.98,7.706,0,0,0,0,0,0,4674,301,51580.72,124098.0,42bd70c46d67ff09bc79e47031483afa578f1ce1f3ad59b95fb0e9febc216aed,9f8b96fe4dcb76baa32f60d5ac0dfa72fcd98dfb1ea6215e5203ca7bb4029d6b,712416431bb1a6b72ee216cfe6730c86499db0ebf05532d2e6bcfa2c0f0d01e4,78a252c8c74a086e306651d2d386f7dbdb8a9454d2cb95b038410840d00a0486,302.48826837539673
sky130hd,bridge,broadcast,4,2,8,2.8284271247461903,11,True,True,,7.32,136.56,7.7717,0,0,0,0,0,0,4520,297,50509.6928,117638.0,aaf577445e5300996eb4166f289db05c5dae1b573d26fb161fb3d8b1f5c2c3b8,d3f30dd6ee64387bba8f45412bcb0cee4037b953f0af17cd9b3725adb89a96d6,e12e5e3acedf66b61446413b1ac0f255a6a9deba0872fb6844f83d046d500f2f,0da9416f9a87489cbeb678799ffad03e2ef30550c4b6edbf34ef0782613953c9,337.2939956188202
sky130hd,bridge,broadcast,3,6,18,4.242640687119285,11,True,True,,7.42,134.77,8.1376,0,0,0,0,0,0,10250,643,114452.2688,313260.0,5827e7d9ff256ddb212e3546a7cd5d8eb3eef1cee4276d88919b5b985f54fb43,716f91c6faebaa9305ae14897f20d985a60cfd276b564743d578a5368f7a55a9,e663d0917949c68c8d91b45612eaa2c1c8f52c8525340ade23908b7ba32b8b53,a3658308be69c6cd27ea01fb331f94c53f8f7ea2642409d58286326e60b9dcd0,670.0092120170593
sky130hd,bridge,broadcast,6,3,18,4.242640687119285,11,True,True,,7.59,131.76,8.2432,0,0,0,0,0,0,10115,634,112693.0816,295158.0,9de7f46109605a97e060ed9eb8d71ee58d9f7e5f3bccfdcb997187b393451eab,70f4986188222586ffeb45a26cbc7efdd277c83a83d2c3ba8895fa3eb6bdfafb,dcb05b12c23ac7a784355e4ef9d60a8cb1fca78176e0e988f091cd772d220d4a,4a9e8eec03c9e3760831443f38e6372e8736b1fc71ca296c2e8387d4d1d094e2,645.798012971878
sky130hd,bridge,broadcast,5,5,25,5.0,11,True,True,,7.89,126.79,8.574,0,0,0,0,0,0,14083,864,156657.7472,428409.0,40ffcb12562679562e0d7381df9c617fcb8ffb5abf04dbce915dfbd51e006cbc,1156b313822a3216f1c5e08b269ba8f2923d7228245a05da2258320360281289,35c85d4f3668566bd0996a3919fbaf001944e6819ccf69fd8defcf1fd6b5e3fd,e29ea1d1ca216c789a048448de8627c91649fa2dc4d2bff04a80d0f0b4ec8def,978.2847015857697
sky130hd,bridge,broadcast,7,7,49,7.0,11,True,True,,8.57,116.63,9.4467,0,0,0,0,0,0,27191,1650,304852.3776,882411.0,1e308767077ca0234645aa0ade0439ecfcf460a442797482ed570bbd7481ad8b,aedb2a09cc450e2a02d53a4a48307ac0f11f65db9746fbf3c7a0403c884fc6af,d578433f924d765de99d31e337e08c6bdee15d1f419c07abacebe5ce458ff63d,3376ff3698fff253311ee8a3e0d0d4c23a043ee1464c24f50c3ba3ed7cef6c0d,2412.0899481773376
sky130hd,holdout,broadcast,3,8,24,4.898979485566356,11,True,True,,8.05,124.27,8.7825,0,0,0,0,0,0,13710,850,152588.8448,411758.0,740492d268f724b6789e1d406641e7ff40b4b484b37dbd80a73e403a381ad5d9,de78c1f44d9e67fecba73e10a6098a1c2e89b731da258fbe4bd1f27cf23bd7a7,e1c5264d7936e59e347305760d5e527969de44c6f8c8bca819025bc32c773eb9,a091e935f52ba927568bca04e32ca67898500569d83a2af0b205d38f61e6ef49,819.4079678058624
sky130hd,holdout,broadcast,8,3,24,4.898979485566356,11,True,True,,8.05,124.26,8.8039,0,0,0,0,0,0,13337,830,149199.344,421611.0,5b4042651b3d1a809381567b105b7415323ae2dbda8120e16239f580f06b3c3d,20573deee4b8ece5b4af2f08fe7bc252587ca453892eec27e3ef191a2c53913f,9dbd0d3ec66b3679d6b09dbfed71657d4bcd7998b132080a3228fcd10a173d3f,32f90c7a17d90b696ec4077fb095d5d9b34e1e0daaf247b6b311ceac05c1e26f,837.2201931476593
sky130hd,holdout,broadcast,5,9,45,6.708203932499369,11,True,True,,8.22,121.72,9.0318,0,0,0,0,0,0,24822,1524,279071.4016,786041.0,a68ef6032ca91032111720cc7fd3e71e574015d8b8f59c0312e3cbe1c6680eb1,a563c491a537a05f2b9da7622bf842b4c1f463d944ca96679e56362946bfdc56,6be03d70904d8d3f819436811764e633def47019d2755434c2e175c688fc9076,bf8c3b54df925eddaa136992277a96cbe3e98f386f8dbf3ae93a3c194f8bce65,1445.4574422836304
sky130hd,holdout,broadcast,9,5,45,6.708203932499369,11,True,True,,8.1,123.49,8.9943,0,0,0,0,0,0,24746,1512,277757.6416,771523.0,06fb2a5609b1bfc29fb73c810ed8221405f80fe6fa45a2eed48df089fcdfa8fa,373dc541e2b29e9544a927d5a57f80c887e6b93187124851b07f15a8851c733e,eba7c09d407a69495aad24b7385bfb8662f5a4efc83a97f8c5791df37bcc93be,d32a777870355280e6351b23eab9619ff2651b2d7aca154fd8b0d92c33494c61,1682.6063258647919
sky130hd,bridge,broadcast,2,4,8,2.8284271247461903,29,True,True,,7.37,135.64,7.9213,0,0,0,0,0,0,4674,301,51580.72,126021.0,b24faaaf4f83908233ff69e7c6a7b354d485eec0028da15155b524a3673ab6f5,1f821a3ee5c3f2776f904088985a0273822903224315227c2e507b6a916cfc84,b07b26eaca1b9e43c97e3b78ff998e54b4331705acfac29a5eb23c0d2b9cf625,c23bbb55e49dc60910ce181615e0a54ffb894a578d486aede39c72eb2617be89,309.85388374328613
sky130hd,bridge,broadcast,4,2,8,2.8284271247461903,29,True,True,,7.27,137.6,7.7381,0,0,0,0,0,0,4520,297,50509.6928,117037.0,75edbd59d4f19cdb3201c6d36c4e6116390e18d15430cd365672ad493de4ccff,df441bb47b2bcab8ad1f299d98618e93ebd31578f940d56ded3c0d3af7a1dbce,fc220ad27986beb1664b517ab63d4c60c00d4679a64b906d7252905d6543895d,dbb9b9ce826a79afb91a05fef36754fd44a015df2047b6b4b21d1f7bb020e277,283.3980417251587
sky130hd,bridge,broadcast,3,6,18,4.242640687119285,29,True,True,,7.59,131.84,8.1992,0,0,0,0,0,0,10250,643,114452.2688,304346.0,c59d10fe37737bf2115179a36bd2965305f43fbc68a3db7506bb5fbdbad3e77a,82e56edfb217d75c055150ad56f59220f125d6d8469125973e1a362f914ceb0b,bbe6b928c7c341ff7c03e5c32543ff00065c58a69010715fe4c27b412ed27f4c,0ff83b3b37fd8c6c31a8bc4daf9251486bbfdc7adab058a67c13bff4e2ec64bb,632.799402475357
sky130hd,bridge,broadcast,6,3,18,4.242640687119285,29,True,True,,7.42,134.79,8.0283,0,0,0,0,0,0,10115,634,112693.0816,294545.0,915e0efc07c49100f3c05b013e6e0e79c143248d765dc123a2f71d1285851f15,ef86439ac2093a480b35303e5395de5fdc6a4fc62e56b19e6d4c97315a1d806a,1ec92ec4f01d572b87084990f71036cf3d04cd3d94f520fa2c1ca05056114457,d39d26fa81516aa6c51627a506edd9081dd1c8ba380f465b8d4275e59ed5d4ca,652.3553109169006
sky130hd,bridge,broadcast,5,5,25,5.0,29,True,True,,7.64,130.92,8.4084,0,0,0,0,0,0,14083,864,156657.7472,435505.0,11c0d0c0ee284f13adafc6376fee032b8a00a1d0e6e58d478c20a696f242006e,ba60d95089a57f6b76a5e63dc852e04062bf9d59f8c86116692eae0560cd6eab,0431f97f9a961e8e5ae8ec0222f37d2e045f3973372df26e9c804218364b2f54,3ac5635c335509bc014fe09cee988cc5e93b521fd17925dc50c01347dc7aa94d,961.4273278713226
sky130hd,bridge,broadcast,7,7,49,7.0,29,True,True,,8.34,119.92,9.2424,0,0,0,0,0,0,27191,1650,304852.3776,876730.0,201bd290038ab67c87a4c0911e2e415054a3d3e31b0bcd1fa419a2b485f67a98,21a20177ae94d3029616f6b37cfe4b7eb1297734febf1cfee1b1a183153ed95c,56c4f4c2533d203a2182a93b8c1add98f59bd013e36c10e146ad1863c412b9bb,6e86569cb1a2c9b67b3cf951b5a7b6550266fff5ca32ef658a2f98f502533a35,1526.088755607605
sky130hd,holdout,broadcast,3,8,24,4.898979485566356,29,True,True,,7.75,129.06,8.4605,0,0,0,0,0,0,13710,850,152588.8448,408838.0,de8ac693eebdcf6eff6bc1045df3ed6ecf5d8f7b5e023489bc93562ba0b3806f,8c00c4de43b8c3a14208f0e8389fcaedc88dddecf1c3ea163d1dbe2b9e74568f,612c029020ae65fc6cd08a0485e9757b611a680398dc499181ca67ed2b565ae7,b101fcd97bfe82c8c8daf139ec1567b6d5629074f282e938dbe3bfce8c3e7a59,884.5505046844482
sky130hd,holdout,broadcast,8,3,24,4.898979485566356,29,True,True,,7.61,131.33,8.3186,0,0,0,0,0,0,13337,830,149199.344,405190.0,0c245d4cd94119612ae54280f0a0be61c07327e12e14d511e893e2a65286abc7,b569367eac24b4763916a594e6f07d4291c52812dc25563d09dc2ecbae727f29,e1f8f8c51f63d41e26022f8b19ae7ecc5a07205d9cd1316a3c4b792f1dfa87cf,5bad58d4ff8c5237dc67d2c6297a2918aacf6992112cd8506b3eb44a679d23ff,749.4564354419708
sky130hd,holdout,broadcast,5,9,45,6.708203932499369,29,True,True,,8.69,115.07,9.5531,0,0,0,0,0,0,24822,1524,279071.4016,801108.0,da98883999fc31ac29b7a1553c66c1e5058754e78449be25073496eecc8083d8,ca0fc6b70d968af1567410ed717e0de3ec9586ac9f4a17da7089fb2027ae208e,40141a8ed2b4a65a5e72264618dad020215235d1da65823f34c12c7e90b1d61f,a4e8e3666f5e1f26eece1d7603444aed00a099748ed8fb456753857914932d54,1794.870263338089
sky130hd,holdout,broadcast,9,5,45,6.708203932499369,29,True,True,,8.05,124.2,8.8782,0,0,0,0,0,0,24746,1512,277757.6416,785764.0,2c7b364eb4aae2e9cbc8a680c0b11cd1aae1fdb7f67ccc66f59b2a9af3b9ade3,9ee6e46205315db52e3dee5e58ca060887b3fbdabdb7b64d101d073ab23849d3,b84bf92411513a0c43caaca7f1ccb17e4b082973aaeceebc4469fc8b7bc1ff3d,9c103d640f57b598fa729072822bd48455c4d38e69a7bb6708b14fc6c35cd033,1511.0738272666931
sky130hd,bridge,broadcast,2,4,8,2.8284271247461903,47,True,True,,7.57,132.01,8.0865,0,0,0,0,0,0,4674,301,51580.72,124165.0,a4679cd81e2cb8d5d1328a404d89935289be5c19a5325d74a6d782f4500a4415,f5b6d9f3c979df278d4b20b1c43bdf1f77b932fa555fbb83f38305244022ae0f,9cf4291c9723378ec2e79e4e3f1df5658c54bcf4854bedfde5ae44f87e0f7280,1f4a8a61024393511a3aad7dd724dc0f2ec99246037c585472432fec62784c7b,331.39839482307434
sky130hd,bridge,broadcast,4,2,8,2.8284271247461903,47,True,True,,7.3,137.08,7.7417,0,0,0,0,0,0,4520,297,50509.6928,117072.0,e53fbfb6a326e4947cef1f385fb32385ce752668e676d7d2bd3e60b9d997bd2f,401e8f0e05be2d432b99d2ceda3f6cea8cd8e421a69e36f2f5162abed3c5f2e1,2abda09e99d426dbfafaac68c1584e3c1e00e80cdbaac526bf40b1efa4d70697,573ccc36f301b7f739b836685fb00d0eb511570a7f18b68eaf25c4a5945e92e1,276.65653586387634
sky130hd,bridge,broadcast,3,6,18,4.242640687119285,47,True,True,,7.7,129.85,8.3259,0,0,0,0,0,0,10250,643,114452.2688,310296.0,c7e34aab416bc5437675f9e400f049c0f7240fffd36a227555a7263f09e30627,d26802af307a0e4c1ad89e53521382272bf33a61a1605ca4c5c174912aee3be3,c600f2f955fca9dc9556ddf89f03128fd7662fab9acaed8918c039cbe20061e4,c97d2930e648d365d50d82448bc913aba0d50dd7d847d8814fd9db6448f800ec,656.1074011325836
sky130hd,bridge,broadcast,6,3,18,4.242640687119285,47,True,True,,7.42,134.73,8.0358,0,0,0,0,0,0,10115,634,112693.0816,299011.0,2baed212ddb9b3b79d8eab82aa2306210c5683082ae6e83e4186e3e5ca825672,2f39642e32a8dcb5e75c156983f602266cb51d4249dddf355d80bd46f6ed7438,76e17156cb35b05c0ca87a9a815b67cfd8ba500a6313b0ae0a6a5527068f83a5,19d2a86feca551c6fb3c14a99f341d63882b565ed2856f8a6674b173b0cdc912,629.2699482440948
sky130hd,bridge,broadcast,5,5,25,5.0,47,True,True,,7.39,135.33,8.1373,0,0,0,0,0,0,14083,864,156657.7472,425800.0,95435febe3bbf0d986e48614cbf39524851622468fb67570e728a9d7f36dd75e,29c2d99103d8dafd6266cf35a354ec46f976f9f0af293a85d0d7adc4bb2c8ce0,f94497d42f3133ff23bc98223cb041276c83f6b0ab78a85cd1613c7293bc661a,ee01390d8bc25c5500eb37d5bb873fcc4c4545e5b7b4553835b88f1314b5a7bc,829.2182738780975
sky130hd,bridge,broadcast,7,7,49,7.0,47,True,True,,8.27,120.92,9.1892,0,0,0,0,0,0,27191,1650,304852.3776,874654.0,398cd925e652cb45faab0605d255df7a08f74fb9a7fc95238bf3c8853cb49472,a0323020d812d870a9563f2ae08086b05ff41e47719b1ddc4e0a93ebafc8a3b5,ac8d5277f793de7f7867c0a58c1ece730e835286faef72bf56f7992e1faa7d50,fb4541eeadc1fdccd783c9366bac5cabfc25cf9ca5fdb04fe78300065ac13e26,1803.527248620987
sky130hd,holdout,broadcast,3,8,24,4.898979485566356,47,True,True,,7.88,126.94,8.6118,0,0,0,0,0,0,13710,850,152588.8448,416937.0,012b7d5416bcd9a880913919fe0033cf91096b4c9164154f80af4efa1dfae770,8f52d7595aded60ee835659a7f86307a8b53e2c42fcf893deb3d44fcc2e0d7d2,88ad93599349830a47e44d230b7a4c6448756fa1dfa908b75e00c6cb4ccbaeb3,a6f0df1ad528648c4def5cc5138f1f547889d9159a98113138b48550962d6cd2,921.8380184173584
sky130hd,holdout,broadcast,8,3,24,4.898979485566356,47,True,True,,7.87,127.08,8.6705,0,0,0,0,0,0,13337,830,149199.344,416283.0,f7bf1cdc0f8f2220b99d4eaa4dcd50a009ceb337b1923f50b554ba822208656c,344cd1a38a0fa42cb61052b42e82e004d817219c5ef1a98233639c5b4a4b1016,77eaefb56d91d50b68e6a9cc927cdcacfe328207e8867328b780c1982bb5842b,413dcf2d844d30ceec243ed68ec754f4815684f6405214039d97dfbcbfab1475,775.6749007701874
sky130hd,holdout,broadcast,5,9,45,6.708203932499369,47,True,True,,8.12,123.12,8.9862,0,0,0,0,0,0,24822,1524,279071.4016,789007.0,1f1eef61b00c2cc499763fea411a8c0781de615269d2b19428e1cdb39e81e326,fe267f804c1098bbce14bb0644deb5d1eb867945d034e4315641433ee4ac14b4,54e10c18f7ec32eecac12adb33e64b732e79a6d43143fb963c0b4ac92a4f5896,b335f2653977b7e5182eb75986f0c7f345aa5d352993d01f6a65f4c31c6ad224,1689.5868842601776
sky130hd,holdout,broadcast,9,5,45,6.708203932499369,47,True,True,,8.19,122.11,9.0818,0,0,0,0,0,0,24746,1512,277757.6416,765155.0,65f40bbfadefb500f2b3bead3ef6ecb810e29ca81e8851f1ee1f2e02d169c40f,456386534253d18d5d8e15ccea727ee9a153d3aa03a3a3547e3e07024583b480,ae9c997740f9020ac1412e68c96a5a4f150cb78ac20abf30275cfef88cfd6825,7e8aed5c46ef9177d9835c4105aba472e390086bb22e4ad7fdb4fd176913dd82,1619.689775943756
sky130hd,bridge,local,2,4,8,2.8284271247461903,11,True,True,,6.35,157.58,6.8882,0,0,0,0,0,0,5075,485,56847.0208,147326.0,2eef15c3dc121216c335a3aff82f3604f0f3ffd7e08a456aa47d8cda26f93d0e,2bf7bae8332cbb486b88d9cbba1d25c102eb7b4e2bf8f6a0adc70f2d020e8da0,f60f5a47c7aa2fa4f332ba0f4d68bdd4f11078e1028f5ee2e2ca7064f93a9ee8,79e3bbe662d1676d5baf3954891572a3eebdfb6c2def7099ae18c6f1e61a0e5e,399.061075925827
sky130hd,bridge,local,4,2,8,2.8284271247461903,11,True,True,,6.67,149.83,7.2336,0,0,0,0,0,0,4863,473,55316.8032,133131.0,a907e3b00463987dcf9011ea10c43bc2a9a8dedc6800c6532304a2c7ab724d2e,f7ee788ce8bb0dffbea9088bfc3a9067f602ea8deff763d69b79b6e5d79fae44,81f9af322b077ca1e5a14311f6854553105028b7840cd57d09c5f2f80bb408a8,8f28fbabe8d8392975fff32e60275c6939d3e0cfc499763e402fd41bd9549e43,350.86966156959534
sky130hd,bridge,local,3,6,18,4.242640687119285,11,True,True,,7.11,140.63,7.8428,0,0,0,0,0,0,10898,1076,125260.1344,332983.0,e6a7b0b161f7359d19812c155b816e95bbf4414734d8b22f373db1ca3a76ed1d,a45d7fd3c99d7e23ec73b74bf376fe65f6c0e4c1e6da04050fab3d8a60071436,711a88413685ac1fe554e93cd5ec0074f94169a5785c13ba13f1c8d510f57cf8,ebcf8c37322b59b2e5ee3ab37a28017968064684df9ce2429662d9e6bd861914,675.3122310638428
sky130hd,bridge,local,6,3,18,4.242640687119285,11,True,True,,7.25,137.88,7.9117,0,0,0,0,0,0,10702,1050,123149.36,325046.0,ce75304aa038c6e21de7e7ce112f1e26ff0fb38d0b7d2f867a22a0fec4082f2f,1fa975549f8a6f3c1f14478a91177316674051c8b619d51b0a387347d037313b,c8f07bc768392689484af2061a5be87e6e2fe2f868b759b479c1f6ef6cd9170b,e9ea51a782ded4f91c0cf33d0ffb7aad9c011cfbab5800a0d2a0db64f34524a3,806.8015022277832
sky130hd,bridge,local,5,5,25,5.0,11,True,True,,6.71,149.06,7.5088,0,0,0,0,0,0,14998,1411,170983.9872,484543.0,7f1a31b3e81d97cae5a7770b1e7790e16e8ab58d208b768f2dcee49c56f7001c,fa75cf8c155481e3900262a266b5211f928e73e6ade4d0200e40c109415d9fe5,bb924cec918c7c037c53950f6445ceb640c3820ae53e67b7e29b5765c86eb505,a044d88b35e4185e52d93a8c983a43b1294e2485d6f7903fc00d7fb546f699cb,885.4444029331207
sky130hd,bridge,local,7,7,49,7.0,11,True,True,,7.27,137.5,8.153,0,0,1,0,1,0,28673,2743,330998.704,996677.0,b85a9b8624808940ca72a87ffce10253da31f2b4707b39a81631e13280c104f9,ca9017a45b6c02bb4fe8c2b62b4c711ba20a971fc72df6aabc65c10cdc50b9c1,f904e67d4609cef531c0a145f096d22148177ff4e4b43df3ba88c6d8c2c0cca8,e246f2d08ab276915aa3da39970cbb9074d3daba6d158987c721e765426e1195,1894.8729367256165
sky130hd,holdout,local,3,8,24,4.898979485566356,11,True,True,,7.15,139.91,7.8684,0,0,0,0,0,0,14615,1482,168361.472,462318.0,52d5206db0e7cd62ee3fdfc0c7bf251cffda7380f268b3219acf7b67d83ec7e1,83091c01697f06cff763ca53eb404d6418da202d81cc592d3f40065eedb4246a,328dfac35aacb95eb5cbc0937d793bef6b72b78cf7e687e8bbe1cc34bb04682a,20dadd24db954e026d3c6e4e30a10b44652a71118da8f64c4fcdf5f8a797b098,844.0423324108124
sky130hd,holdout,local,8,3,24,4.898979485566356,11,True,True,,6.86,145.86,7.6393,0,0,0,0,0,0,14371,1418,164484.0032,441166.0,493da06e727e7147a12f03174e98e758f209ba6ac17da722449270e074b6efc2,7b68881b022c87861f32518e72c571c737e2a7121c32b2ba22d7226b432e0b99,1b9f09ba424d7e5e086e5b5d845cc5c87ecc988773d43e8d340f7cd3119636b2,72dfe080a2dc1206a75fcaa77db120301824bcdc7c6ad706cf09240861306270,823.5000422000885
sky130hd,holdout,local,5,9,45,6.708203932499369,11,True,True,,7.14,140.09,8.0588,0,0,0,0,0,0,26661,2591,306774.2208,905316.0,b8b7176680e52fccc138391ec0a7a466c237a757ca45f66dc1946cc66fd96f10,5e7faf355b720117129605c42adc1adbf17a232c93c6a75bbd536bb727591da4,d631ae7e8e95e1a981ff7144b674c59f5b8f9c5a9a5be5468b81e5bcee15f032,49d7fc0e8cb00f3ccc7c00744624508d7edb0f94eec5faeb740d7cc038c21c82,2085.10866856575
sky130hd,holdout,local,9,5,45,6.708203932499369,11,True,True,,6.95,143.89,7.8448,0,0,0,0,0,0,26326,2545,303501.0816,841985.0,7411d69bd63485b7617efdffb7054d3142e92937530abb5fc841257b50639e19,0d765ef0e7d62f8214f7bfcb5488eddd41563388a9035b24d5f1756d269b3242,1f81da8b6bce00c70bc9a01e508f9a08e41789edc8ac5d40672008281938b7bb,ec3e4fadf891e0b68610108d620f9e8affa1c02de53bd2ed01800f74dc4af721,1457.3694083690643
sky130hd,bridge,local,2,4,8,2.8284271247461903,29,True,True,,6.4,156.25,6.9893,0,0,0,0,0,0,5075,485,56847.0208,143778.0,d0baf6d30fe5300c7a37ced2ec124c5633aea3ddccf010bdb32de16b2fc9dc9b,69c28f6fe03438a68b91aef6649155e31e50546d481bf04e454434fb1f19fed4,506b83feea69d01d66333d68d42383847dd80145488332c669c6045702019c90,210e58fcf3b331aca62a24d1ea73673af08a4eba7fe7db617e236a3c7825f6a1,396.96306252479553
sky130hd,bridge,local,4,2,8,2.8284271247461903,29,True,True,,6.66,150.09,7.2155,0,0,0,0,0,0,4863,473,55316.8032,134119.0,658619f1dea63c46fc9d5cc783af16191abe84be92e4addef77247b30adec4e3,3216e65c19666c0ae8680efdc50d86a6609f5e33d37312e1566d25ac350f46f3,06f4e2500f85313b75f70f8ca4b1040df8f4fc0bfc4f5ba764aca053e86ddf67,9aee71210567c4a47a7ea65f4bb906fbda07ea235c5c8163e2957c22fd500497,356.72083377838135
sky130hd,bridge,local,3,6,18,4.242640687119285,29,True,True,,7.27,137.63,8.0047,0,0,0,0,0,0,10898,1076,125260.1344,335816.0,93ec56b799f727483082a53256592b0f0e21c82c88eb2bd718901de1cdcc9523,89c58bbc6f49313ec680ba662d70976d3a5fb155ffee89f30982513ca51909d2,4f82d83609e9d5084d357f72a815d9f73e1acf68b465c8bc521d463c49823941,1f7e22e2ea5c06049843798b618e0388f54e31e673d15d9a18f65ff975b14fc2,701.3783478736877
sky130hd,bridge,local,6,3,18,4.242640687119285,29,True,True,,7.22,138.59,7.8881,0,0,0,0,0,0,10702,1050,123149.36,322954.0,0b90fc0574f2b2f9a5ca58a9cb3d3c317d91ea464adc3ea5630d213d5f91fa35,150822652323c2e06336fc894bf2a03b17f93378a084754fc714e5daefddbc5b,369ffadd1f21d098d078fa54573d281a19f3731ce25936838f1fb7fc4f0d8c7d,10db96c2c8e4433c170700084056f2a6d29e21e4237e40c269ea9e02388b44a5,652.4940228462219
sky130hd,bridge,local,5,5,25,5.0,29,True,True,,6.71,149.1,7.4888,0,0,0,0,0,0,14998,1411,170983.9872,482518.0,b50e14693c6c3f77e4bfedf0d613ca4b7207dea0796b4cd17aa4fdffd1676b69,ba53e7eb65e332b91f102eaf1651ab3f7c3bc4c69575df1afa941a10d45301d5,3fbbb6cc34993580266895bd14af61822b03f3a62ce244d55d764b0c647f8adb,12b31f2fd7a7a759a316ed19dbd15ad2b1e4d5bdcc8d8066161b84f55a81a607,1048.9462823867798
sky130hd,bridge,local,7,7,49,7.0,29,True,True,,7.21,138.78,8.0841,0,0,39,0,1,0,28673,2743,330998.704,989805.0,0c69590c9dcd9b32d1204885176257be3a3c6df5a83168123942b73c04a2732c,40a45181f31702f926b043610b2a28ae3b05da2e1f6d071a29b394a1b670090f,d4663223eec8991441ff809a4a270662186d12f29758f1a8067c7809666bcc67,1e05feb5b0cf1ae81075f52384e01d03163ea29b80e837248e4860ac31c6c301,2751.2188169956207
sky130hd,holdout,local,3,8,24,4.898979485566356,29,True,True,,7.23,138.23,8.0568,0,0,0,0,0,0,14615,1482,168361.472,466277.0,d51bc028878db201668b4d8102557dedd2360551c72a28a190f44e2fa86717ac,35c90574607108e858f6b0c399b5116f547ba27d802a590c3a5adda8ca683d3f,105f24be9a492687bb01b85e30446e9e93706fdde1e8edbc3abc0b1bca9cdc41,e27a09ce4e12c667dda7707b9e57a3c6cff36223af7c51c5b88b28942866c17a,1115.534815788269
sky130hd,holdout,local,8,3,24,4.898979485566356,29,True,True,,6.96,143.68,7.7218,0,0,0,0,0,0,14371,1418,164484.0032,442838.0,35602d5bdfd7484e3fdbdfaf96be9fd5fdfbb8e3a8f1e709d72fd1f658e8019d,3e57a3f145c723f7927060bf2aa28458bd63c3727b511949767c2f5ce6a3293c,da3f751290263039c4eae3092e8065ab9843b7b49881d28354c762af5113a45b,09365f8898bf28e3faa6a2cb3b309d48085a3bda8542dcdf2d087c9672e95104,832.1200082302094
sky130hd,holdout,local,5,9,45,6.708203932499369,29,True,True,,7.19,139.17,8.0258,0,0,0,0,0,0,26661,2591,306774.2208,900988.0,fd3aefc30af2880f2f183dcd3b0f5cf826d56caf1aa63b1e7df18bd4788bba0d,811be61ca456331a4b4fa9639dded1d481803279c7fff14ae5cab8c34117967e,715e063c4408625204f41320eb89ce87523827dc256af5051638663718bb88fc,cbc53bbbe179fd33c017ceee14f7ec2e78540e891229c6f77ce4b811e87b417b,2059.462077856064
sky130hd,holdout,local,9,5,45,6.708203932499369,29,True,True,,7.07,141.51,7.9527,0,0,0,0,0,0,26326,2545,303501.0816,840243.0,3a7f2cccb1f641b4a5d4ce239028a79333437949e0310d1820522b94b51b886d,05200d26ccbe858160181675a76cc870b5a3ab0de448594320b5aeb70a96e4fd,ae68987f3178ee36044b262a3513a64261aefab24ce6b9eded41277a4f45c1a4,e98b3ce602a24dd3e144b3648761f52333b5379556e7a054c440f280058fcf7c,1701.393432855606
sky130hd,bridge,local,2,4,8,2.8284271247461903,47,True,True,,6.5,153.9,7.0444,0,0,0,0,0,0,5075,485,56847.0208,150064.0,e925b9a5b2683c9c54e1314e5059e4464ef8439497b47867e94c14ebc1496815,d72221eaa6c2da65bd8cf3894551e380b56eb8a22a73c9ceb448e0b7839186d1,c2061d6a7723b03e74c2d51548316f8e5ce5d50956c6761c3cab43130c6eb771,d521a62b8080a695e989582de9f872a6b1ebe0f2e5a4307c0b3798f2550e8557,228.97126150131226
sky130hd,bridge,local,4,2,8,2.8284271247461903,47,True,True,,6.76,147.96,7.3831,0,0,0,0,0,0,4863,473,55316.8032,133658.0,9bd1f1224bfb02b6da2c34ef40ba60b93b72c2f0d68a0cee001cd483af27de8e,98cbd4c813016876e98a0360e04bae4136d491ffdd800a8a8cd6f07125fb05d9,0320b44fd6fc7dcb703119a1c8dbfb5098348367bf22b5ef5a5fa43b8398c1df,3eba6458acadbfbfe544ea12a17e3eda8f037a0f2863fe0fee7dc0baa8998cb1,218.53138279914856
sky130hd,bridge,local,3,6,18,4.242640687119285,47,True,True,,7.23,138.3,7.9475,0,0,0,0,0,0,10898,1076,125260.1344,333896.0,e7d2a1cb8a53d84ba83a2855f4b0899ea7fa6a016c909b4d514673448c9cad67,311930fb841990cd81f3c61489adfc2648090b086be4368dd2376ac4af0794a8,9f11fdd83d756aed4e1c6f4dbc71b5808302fdda991b7de5b9058ed5ed31ed0e,5e99dc08d0dd337f99da8a7a3e91481c58ff75ad4bd9554f7e06ff18a9987f81,405.4027781486511
sky130hd,bridge,local,6,3,18,4.242640687119285,47,True,True,,7.28,137.27,7.9418,0,0,0,0,0,0,10702,1050,123149.36,322662.0,84d1054194954e66baa19abebf7606bdf22fac5008560e3c04e36268d2d67ce0,87ef7cd71939b60e29008e92043bc2ca5ec1958ed6ee90d2a915ead298e918b9,ea5b14d5ae2fc94aac547529e569c39c8fd5ab1641ab4785dcf5f0298a9e7b89,d28ad2b56d2a804b26980ab39b8bc3384606af3c073b86ae1729109d8b13e5e3,382.5804355144501
sky130hd,bridge,local,5,5,25,5.0,47,True,True,,6.72,148.72,7.5147,0,0,0,0,0,0,14998,1411,170983.9872,482876.0,a267b471a5a8b1b58123a6c2b2b8853aca4f10e78a2b03802ff5ec3eb03c598a,b0fe24bf3a6919c6aa31b317439cfeaf88432cce786be2bc391f6558409dd394,8605f187aec8b49ae8c63c3a44935b4c9e5c560c8993370d88c6e16a1d36b80a,479034212157e9a8fa3309bdfe16b018e9138d6aaa200ddfdcb568512ed64c4f,541.470632314682
sky130hd,bridge,local,7,7,49,7.0,47,True,True,,7.2,138.88,8.0394,0,0,6,0,3,0,28673,2743,330998.704,993890.0,5ed63fe851a1909ea170af442ca924fe5aecbefec64d447adb3f7ee36871c617,67421f9d31e352157de6d90f1a912edcd0a9a204b9c7698c66f96879ea6c178d,f14afbf83e487b616d2dd345eb87c08bd1654f163d6495e33e8da97c3b55d8eb,ee238a277ffea9dbfdc13de91da5b625e68f49710bb59ed4e2c2557fed433946,1012.752233505249
sky130hd,holdout,local,3,8,24,4.898979485566356,47,True,True,,7.28,137.43,8.1286,0,0,0,0,0,0,14615,1482,168361.472,466027.0,63285da61eb120691be12611f14b9649c01bcc8f2a49468a584a8d969888d819,1c68355912379cd07283f4a4a7b6fc693aa115292fb4cdc9333e38c4d6104cb1,ca0ce60e1febf17ded4928fe9473127563758db419eff3eb736924895b0e000b,bc4594a11fa5b6ef4345ddb27f4a037e8da7c662fd40c01aa03541dfbc694937,514.0690009593964
sky130hd,holdout,local,8,3,24,4.898979485566356,47,True,True,,6.83,146.45,7.573,0,0,0,0,0,0,14371,1418,164484.0032,436709.0,4edc9adfae84971d88b9fa0ccf0e2aab55ebd594defba6e4b3dcbe17221dc0c9,d14c2a9327f774153aaf78e5d187b12f56696c784422f95268f045499eb46440,0512bc3f388c82b7841a85559d9f09a72583f1a31a87226aa0da5bdee8f25527,4f5bd33d43ce809897c72658e2d110e7a424f7429a0f78e9308d7e18ea862d3e,590.0379786491394
sky130hd,holdout,local,5,9,45,6.708203932499369,47,True,True,,7.19,139.1,8.132,0,0,0,0,0,0,26661,2591,306774.2208,911482.0,24847481828f7f0c2f6c69259e4fde250e85fd65a1606c87fbe959076fc98589,ea94369a94539b3b5622331a2efcf08881c26efdfb00dd94e9f224cc44059ade,43b840b13ff0b849ae87cd6b715793bd09f8a9097b446eaf840e7fb34168f614,9c71a0fc238cbca831aab79492c8999defe799adbfae76327bc0f55f4f6c63f1,1099.3587300777435
sky130hd,holdout,local,9,5,45,6.708203932499369,47,True,True,,7.14,140.08,8.0456,0,0,0,0,0,0,26326,2545,303501.0816,846315.0,e590b88b02ce4e78887c89e2a5094d0406608a55f92b6080206d7c2d44f1cf80,f165e7e8597d49c5e373f88748907816a6b7b45637dde0177b69e566f21e1939,4ec591ce6fe2a426787a8ddc5c21199be082769c59c138b02472d876597767e1,7c3a1014e1d0f3472db8df23459d492a81a4ab94a8b28ffdfb1acb6e4bb319cc,1035.51456284523
